"title","text","label"
"NASA James Webb Space Telescope Discovers Ancient Galaxy from Dawn of the Cosmos","Astronomers analyzing deep-field observations from the James Webb Space Telescope have identified one of the most distant galaxies ever observed, dating back to approximately 300 million years after the Big Bang. The peer-reviewed research published in the Astrophysical Journal confirmed the spectroscopic redshift of the galaxy designated JADES-GS-z14-0. The discovery provides crucial observational data regarding early stellar mass assembly and cosmic reionization in the early universe.",1
"NASA James Webb Space Telescope Discovers Ancient Galaxy from Dawn of the Cosmos","NASA James Webb Space Telescope Discovers Ancient Galaxy from Dawn of the Cosmos. Astronomers analyzing deep-field observations from the James Webb Space Telescope have identified one of the most distant galaxies ever observed, dati",1
"Federal Reserve Holds Benchmark Interest Rates Steady Amid Cooling Inflation Signals","The Federal Reserve concluded its two-day policy meeting by keeping its benchmark federal funds rate unchanged in the target range of 5.25% to 5.50%. Federal Reserve Chairman Jerome Powell noted during the press conference that while labor market conditions remain solid and inflation has retreated from its multi-decade highs, central bank policymakers require greater confidence that consumer price increases are sustainably moving toward the 2% target before initiating rate cuts.",1
"Federal Reserve Holds Benchmark Interest Rates Steady Amid Cooling Inflation Signals","Federal Reserve Holds Benchmark Interest Rates Steady Amid Cooling Inflation Signals. The Federal Reserve concluded its two-day policy meeting by keeping its benchmark federal funds rate unchanged in the target range of 5.25% to 5.50%. ",1
"World Health Organization Releases Updated Clinical Guidelines for Malaria Treatment","The World Health Organization (WHO) has issued revised global guidelines for the clinical management of malaria, incorporating new evidence on artemisinin-based combination therapies and regional drug resistance surveillance. The update highlights preventive chemotherapies in high-transmission sub-Saharan regions and reinforces the deployment of the RTS,S and R21 malaria vaccines among infants and young children across endemic countries.",1
"World Health Organization Releases Updated Clinical Guidelines for Malaria Treatment","World Health Organization Releases Updated Clinical Guidelines for Malaria Treatment. The World Health Organization (WHO) has issued revised global guidelines for the clinical management of malaria, incorporating new evidence on artemis",1
"European Union Implements Comprehensive Artificial Intelligence Regulatory Framework","The European Parliament and Council have formally enacted the EU Artificial Intelligence Act, establishing a risk-based legal framework for artificial intelligence systems operated within the single market. Under the new statute, high-risk AI deployments in critical infrastructure, medical devices, and law enforcement face stringent conformity assessments, technical robustness audits, and transparency disclosures.",1
"European Union Implements Comprehensive Artificial Intelligence Regulatory Framework","European Union Implements Comprehensive Artificial Intelligence Regulatory Framework. The European Parliament and Council have formally enacted the EU Artificial Intelligence Act, establishing a risk-based legal framework for artificial",1
"Renewable Energy Surpasses Coal in Electricity Generation Across Major Grid Operators","Data published by the Energy Information Administration (EIA) indicates that combined solar, wind, and hydroelectric generation supplied more electricity to the national grid than coal-fired power plants during the past fiscal quarter. The transition reflects accelerated utility-scale photovoltaic installations, retirement of aging thermal generation assets, and expanding battery energy storage system capacity.",1
"Renewable Energy Surpasses Coal in Electricity Generation Across Major Grid Operators","Renewable Energy Surpasses Coal in Electricity Generation Across Major Grid Operators. Data published by the Energy Information Administration (EIA) indicates that combined solar, wind, and hydroelectric generation supplied more electric",1
"Global Meteorological Organization Confirms Record Sea Surface Temperatures","Oceanographic monitoring stations and satellite radiometers coordinated by the World Meteorological Organization have recorded unprecedented mean sea surface temperatures across the North Atlantic and equatorial Pacific. Climatologists attribute the thermal anomaly to a confluence of multi-year greenhouse gas accumulation and the active phase of the El Nino-Southern Oscillation.",1
"Global Meteorological Organization Confirms Record Sea Surface Temperatures","Global Meteorological Organization Confirms Record Sea Surface Temperatures. Oceanographic monitoring stations and satellite radiometers coordinated by the World Meteorological Organization have recorded unprecedented mean sea ",1
"Semiconductor Manufacturers Announce Multi-Billion Dollar Fab Construction in Ohio","Leading semiconductor fabrication companies announced the groundbreaking of advanced silicon wafer fabrication facilities supported by public-private incentives under the CHIPS and Science Act. The development aims to onshore leading-edge logic chip manufacturing, strengthen critical supply chain resilience, and generate over seven thousand engineering and skilled construction jobs.",1
"Semiconductor Manufacturers Announce Multi-Billion Dollar Fab Construction in Ohio","Semiconductor Manufacturers Announce Multi-Billion Dollar Fab Construction in Ohio. Leading semiconductor fabrication companies announced the groundbreaking of advanced silicon wafer fabrication facilities supported by public-private ",1
"Clinical Trial Demonstrates Efficacy of Novel Immunotherapy for Triple-Negative Breast Cancer","Results from a phase III randomized clinical trial presented at the American Society of Clinical Oncology meeting demonstrated a statistically significant progression-free survival benefit with a targeted antibody-drug conjugate. Patients receiving the investigational therapy exhibited a 35% reduction in risk of disease recurrence compared with standard adjuvant chemotherapy regimens.",1
"Clinical Trial Demonstrates Efficacy of Novel Immunotherapy for Triple-Negative Breast Cancer","Clinical Trial Demonstrates Efficacy of Novel Immunotherapy for Triple-Negative Breast Cancer. Results from a phase III randomized clinical trial presented at the American Society of Clinical Oncology meeting demonstrated a statistically signifi",1
"Ministry of Civil Aviation Updates International Flight Safety and Security Protocols","The Directorate General of Civil Aviation issued revised advisory directives mandating standardized crew fatigue management, real-time telemetry backups, and enhanced avionics pre-flight checklist verifications across commercial carriers operating domestic and long-haul international corridors.",1
"Ministry of Civil Aviation Updates International Flight Safety and Security Protocols","Ministry of Civil Aviation Updates International Flight Safety and Security Protocols. The Directorate General of Civil Aviation issued revised advisory directives mandating standardized crew fatigue management, real-time telemetry backu",1
"Global Cyber Defense Agencies Issue Joint Advisory on Critical Infrastructure Vulnerabilities","The Cybersecurity and Infrastructure Security Agency (CISA), alongside allied cyber defense partners including CERT-In and the UK NCSC, released a joint cybersecurity advisory detailing mitigations for zero-day vulnerabilities in enterprise perimeter VPN appliances actively exploited by sophisticated threat actors.",1
"Global Cyber Defense Agencies Issue Joint Advisory on Critical Infrastructure Vulnerabilities","Global Cyber Defense Agencies Issue Joint Advisory on Critical Infrastructure Vulnerabilities. The Cybersecurity and Infrastructure Security Agency (CISA), alongside allied cyber defense partners including CERT-In and the UK NCSC, released a joi",1
"Central Bank Expands Digital Currency Pilot to Retail Cross-Border Remittances","The Reserve Bank announced an expansion of its Central Bank Digital Currency (CBDC) pilot project, onboarding five additional commercial banks to test offline settlements and bilateral wholesale clearing with regional monetary partners to reduce transaction friction and foreign exchange settlement latency.",1
"Central Bank Expands Digital Currency Pilot to Retail Cross-Border Remittances","Central Bank Expands Digital Currency Pilot to Retail Cross-Border Remittances. The Reserve Bank announced an expansion of its Central Bank Digital Currency (CBDC) pilot project, onboarding five additional commercial banks to test",1
"Indian Space Research Organisation Successfully Tests Reusable Launch Vehicle","The Indian Space Research Organisation (ISRO) successfully executed the landing experiment of its autonomous winged Reusable Launch Vehicle technology demonstrator at the Aeronautical Test Range in Challakere, Karnataka. The vehicle executed autonomous landing maneuvers under demanding cross-wind atmospheric parameters.",1
"Indian Space Research Organisation Successfully Tests Reusable Launch Vehicle","Indian Space Research Organisation Successfully Tests Reusable Launch Vehicle. The Indian Space Research Organisation (ISRO) successfully executed the landing experiment of its autonomous winged Reusable Launch Vehicle technology",1
"United Nations Climate Summit Concludes with Historic Loss and Damage Fund Agreement","Negotiators representing 196 nations at the UN Climate Change Conference reached a consensus pact operationalizing a dedicated Loss and Damage Fund. The facility is structured to assist vulnerable developing nations experiencing climate-induced catastrophic meteorological events and coastal erosion.",1
"United Nations Climate Summit Concludes with Historic Loss and Damage Fund Agreement","United Nations Climate Summit Concludes with Historic Loss and Damage Fund Agreement. Negotiators representing 196 nations at the UN Climate Change Conference reached a consensus pact operationalizing a dedicated Loss and Damage Fund. T",1
"Researchers Unveil Solid-State Battery with Three Times Greater Energy Density","Materials science researchers at the National Renewable Energy Laboratory have fabricated a functional pouch-cell solid-state lithium-metal battery exhibiting 450 watt-hours per kilogram energy density while maintaining 90% capacity retention over one thousand continuous charge-discharge cycles.",1
"Researchers Unveil Solid-State Battery with Three Times Greater Energy Density","Researchers Unveil Solid-State Battery with Three Times Greater Energy Density. Materials science researchers at the National Renewable Energy Laboratory have fabricated a functional pouch-cell solid-state lithium-metal battery ex",1
"Supreme Court Delivers Unanimous Ruling on Digital Privacy and Metadata Protection","The constitutional bench of the Supreme Court affirmed in a unanimous judgment that citizen metadata and biometric telephone registry identifiers are protected under fundamental constitutional privacy protections, limiting warrantless bulk state data collection without judicial review.",1
"Supreme Court Delivers Unanimous Ruling on Digital Privacy and Metadata Protection","Supreme Court Delivers Unanimous Ruling on Digital Privacy and Metadata Protection. The constitutional bench of the Supreme Court affirmed in a unanimous judgment that citizen metadata and biometric telephone registry identifiers are ",1
"International Monetary Fund Raises Global Growth Forecast Citing Resilient Trade","The International Monetary Fund (IMF) revised upward its global gross domestic product growth forecast for the upcoming fiscal calendar, pointing to robust private consumption in emerging markets, gradual easing of monetary policy, and resilient international maritime logistics corridors.",1
"International Monetary Fund Raises Global Growth Forecast Citing Resilient Trade","International Monetary Fund Raises Global Growth Forecast Citing Resilient Trade. The International Monetary Fund (IMF) revised upward its global gross domestic product growth forecast for the upcoming fiscal calendar, pointing to r",1
"Archaeologists Discover Well-Preserved Bronze Age Settlement Beneath Agricultural Land","A team of university archaeologists utilizing ground-penetrating radar and stratigraphic core sampling identified an extensive fortified settlement dating to 1800 BCE. Artifact excavations yielded ceramic storage vessels, woven textiles, and metallurgy slag indicating specialized bronze weapon craft.",1
"Archaeologists Discover Well-Preserved Bronze Age Settlement Beneath Agricultural Land","Archaeologists Discover Well-Preserved Bronze Age Settlement Beneath Agricultural Land. A team of university archaeologists utilizing ground-penetrating radar and stratigraphic core sampling identified an extensive fortified settlement da",1
"Department of Transportation Allocates Billions for High-Speed Rail Infrastructure","Federal transportation authorities announced capital grant allocations to construct electrified intercity passenger rail corridors connecting regional metropolitan transit nodes, targeting commercial speeds of over 200 miles per hour and reducing carbon emissions from regional aviation.",1
"Department of Transportation Allocates Billions for High-Speed Rail Infrastructure","Department of Transportation Allocates Billions for High-Speed Rail Infrastructure. Federal transportation authorities announced capital grant allocations to construct electrified intercity passenger rail corridors connecting regional",1
"Deep-Sea Marine Sanctuary Expansion Approved to Protect Coral Ecosystems","Environmental authorities signed executive protections expanding maritime sanctuary boundaries around benthic seamounts and deep-water coral colonies, restricting bottom-trawl commercial fishing and exploratory seafloor seabed mining concessions.",1
"Deep-Sea Marine Sanctuary Expansion Approved to Protect Coral Ecosystems","Deep-Sea Marine Sanctuary Expansion Approved to Protect Coral Ecosystems. Environmental authorities signed executive protections expanding maritime sanctuary boundaries around benthic seamounts and deep-water coral colonies,",1
"National Health Authority Integrates Electronic Health Records with National Digital ID","The National Health Authority announced the milestone of registering 200 million digital health accounts, enabling verified patients to securely share diagnostic laboratory panels and hospital discharge summaries across accredited public and private healthcare facilities.",1
"National Health Authority Integrates Electronic Health Records with National Digital ID","National Health Authority Integrates Electronic Health Records with National Digital ID. The National Health Authority announced the milestone of registering 200 million digital health accounts, enabling verified patients to securely share",1
"SHOCKING: Secret 5G Towers Are Emitting Mind-Control Frequencies to Control Citizens","Secret whistleblower documents leaked from global telecommunications summits allegedly reveal that newly installed 5G cellular antennas are not transmitting communication signals, but rather sub-vocal ultrasonic electromagnetic waves designed to alter brainwaves and enforce docile behavior among citizens! Mainstream media is completely refusing to report on this covert military mind-control operation that government elites installed under the cover of night without public voting!",0
"SHOCKING: Secret 5G Towers Are Emitting Mind-Control Frequencies to Control Citizens","SHOCKING: Secret 5G Towers Are Emitting Mind-Control Frequencies to Control Citizens. Secret whistleblower documents leaked from global telecommunications summits allegedly reveal that newly installed 5G cellular antennas are not transm",0
"Miracle Lemon and Baking Soda Mixture Cures 100% of All Terminal Cancers in 48 Hours","Doctors and big pharmaceutical conglomerates are terrified of this suppressed homemade recipe! Drinking hot water with raw lemon juice and organic baking soda immediately alkalinizes your blood, killing every single cancerous tumor and malignant cell in exactly two days! Banned by medical boards worldwide because they want to profit off toxic chemotherapy, this miracle kitchen remedy requires zero drugs and guarantees 100% cure rate!",0
"Miracle Lemon and Baking Soda Mixture Cures 100% of All Terminal Cancers in 48 Hours","Miracle Lemon and Baking Soda Mixture Cures 100% of All Terminal Cancers in 48 Hours. Doctors and big pharmaceutical conglomerates are terrified of this suppressed homemade recipe! Drinking hot water with raw lemon juice and organic bak",0
"NASA Whistleblower Confirms Earth Is Actually Flat and Moon Landings Were Filmed in Hollywood Studio","A high-ranking former senior scientist from NASA has broken their silence on an underground podcast, admitting that all satellite photographs of the globe are CGI fabrications! According to the explosive revelations, the Earth is surrounded by an impenetrable 300-foot ice wall guarded by secret armed forces, and every Apollo lunar mission was staged in a Nevada desert warehouse by Stanley Kubrick!",0
"NASA Whistleblower Confirms Earth Is Actually Flat and Moon Landings Were Filmed in Hollywood Studio","NASA Whistleblower Confirms Earth Is Actually Flat and Moon Landings Were Filmed in Hollywood Studio. A high-ranking former senior scientist from NASA has broken their silence on an underground podcast, admitting that all satellite photographs of the g",0
"Government Implants Invisible Microchips in Drinking Water to Track Every Citizen","Urgent alert for all residents! New investigative reports prove municipal water treatment facilities have begun dispersing nanotechnology liquid microchips into household tap water. Once ingested, these microscopic sensors latch onto human DNA and broadcast real-time GPS locations and private conversations directly to foreign surveillance satellites!",0
"Government Implants Invisible Microchips in Drinking Water to Track Every Citizen","Government Implants Invisible Microchips in Drinking Water to Track Every Citizen. Urgent alert for all residents! New investigative reports prove municipal water treatment facilities have begun dispersing nanotechnology liquid micro",0
"Celebrity Billionaire Secretly Arrested and Replaced with Bio-Engineered Synthetic Clone","Shocking photographs circulating on dark web forums prove that the famous tech entrepreneur was arrested by military tribunals last month for treason and has been replaced by a cloned lookalike! Insiders point out that his earlobes and iris patterns in recent television appearances do not match previous photographs from last year!",0
"Celebrity Billionaire Secretly Arrested and Replaced with Bio-Engineered Synthetic Clone","Celebrity Billionaire Secretly Arrested and Replaced with Bio-Engineered Synthetic Clone. Shocking photographs circulating on dark web forums prove that the famous tech entrepreneur was arrested by military tribunals last month for treason ",0
"Ancient Alien Pyramid Discovered Under Antarctic Ice Shelf with Functioning Power Generators","Satellite thermal scans have uncovered a colossal three-sided pyramid buried beneath two miles of Antarctic ice. Military expedition teams allegedly entered the structure and encountered humming crystal reactors that generate free, unlimited wireless electrical energy dating back twenty thousand years before human civilization!",0
"Ancient Alien Pyramid Discovered Under Antarctic Ice Shelf with Functioning Power Generators","Ancient Alien Pyramid Discovered Under Antarctic Ice Shelf with Functioning Power Generators. Satellite thermal scans have uncovered a colossal three-sided pyramid buried beneath two miles of Antarctic ice. Military expedition teams allegedly e",0
"World Bank Secretly Votes to Abolish All Cash and Impose Microchip Hand Scans by Next Month","A leaked diplomatic memo indicates that international banking cartels have scheduled an immediate worldwide ban on physical cash, bank notes, and metal coins starting next month! Citizens who refuse to receive an RFID biometric barcode implanted under the skin of their right hand will have their bank accounts permanently frozen!",0
"World Bank Secretly Votes to Abolish All Cash and Impose Microchip Hand Scans by Next Month","World Bank Secretly Votes to Abolish All Cash and Impose Microchip Hand Scans by Next Month. A leaked diplomatic memo indicates that international banking cartels have scheduled an immediate worldwide ban on physical cash, bank notes, and meta",0
"Drinking Boiled Garlic Water Provides 100% Immunity Against Every Known Viral Infection","A miraculous ancient remedy discovered in a lost Tibetan monastery has been proven to make human cells completely impervious to all viruses, flus, and respiratory pathogens forever. Simply boil eight cloves of unpeeled garlic in vinegar and drink three glasses daily; you will never need vaccines or medical doctors again!",0
"Drinking Boiled Garlic Water Provides 100% Immunity Against Every Known Viral Infection","Drinking Boiled Garlic Water Provides 100% Immunity Against Every Known Viral Infection. A miraculous ancient remedy discovered in a lost Tibetan monastery has been proven to make human cells completely impervious to all viruses, flus, and",0
"Government Weather Weapon Caused Massive Earthquake to Manipulate Stock Markets","Seismologists are being silenced by intelligence agencies after uncovering evidence that the recent major offshore earthquake was deliberately triggered by electromagnetic ionospheric heaters operating out of an undisclosed military base to crash sovereign currency valuations and enrich hedge fund insiders!",0
"Government Weather Weapon Caused Massive Earthquake to Manipulate Stock Markets","Government Weather Weapon Caused Massive Earthquake to Manipulate Stock Markets. Seismologists are being silenced by intelligence agencies after uncovering evidence that the recent major offshore earthquake was deliberately trigger",0
"Top Politician Caught on Hidden Camera Admitting Entire Election Was Fabricated by Supercomputer","A bombshell hidden camera recording uploaded to an anonymous video streaming channel purportedly shows a senior cabinet official boasting that official election tallying machines were pre-programmed by an overseas artificial intelligence algorithm to rig voting percentages months before ballot casting began!",0
"Top Politician Caught on Hidden Camera Admitting Entire Election Was Fabricated by Supercomputer","Top Politician Caught on Hidden Camera Admitting Entire Election Was Fabricated by Supercomputer. A bombshell hidden camera recording uploaded to an anonymous video streaming channel purportedly shows a senior cabinet official boasting that officia",0
"New Law Requires Every Household to Hand Over Family Pets to National Zoo Breeding Program","Emergency broadcast alerts warn that federal regulators have passed an unconstitutional midnight decree mandating that all domestic dogs and cats must be surrendered to state veterinary agencies by Friday to be conscripted into an experimental wildlife rewilding program, punishable by hefty fines and asset seizure!",0
"New Law Requires Every Household to Hand Over Family Pets to National Zoo Breeding Program","New Law Requires Every Household to Hand Over Family Pets to National Zoo Breeding Program. Emergency broadcast alerts warn that federal regulators have passed an unconstitutional midnight decree mandating that all domestic dogs and cats must",0
"Scientists Catch Sun Turning Green During Total Solar Eclipse Proving Solar Fusion Is a Hoax","Astrophysics textbooks are completely wrong! Amateur telescope operators capturing high-speed footage during the solar eclipse recorded the surface of the Sun flashing lime green, proving that the sun is not a nuclear furnace but a hollow mechanical projection lamp controlled by secret space treaties!",0
"Scientists Catch Sun Turning Green During Total Solar Eclipse Proving Solar Fusion Is a Hoax","Scientists Catch Sun Turning Green During Total Solar Eclipse Proving Solar Fusion Is a Hoax. Astrophysics textbooks are completely wrong! Amateur telescope operators capturing high-speed footage during the solar eclipse recorded the surface of",0
"Eating Two Spoons of Cinnamon Daily Completely Reverses Aging and Extends Lifespan to 150 Years","Big Pharma does not want you knowing this fountain of youth secret! Consuming Ceylon cinnamon every morning repairs telomeres and reverses biological age by twenty years in thirty days. Ancient pharaohs lived for centuries using this exact formula that modern hospitals hide from paying patients!",0
"Eating Two Spoons of Cinnamon Daily Completely Reverses Aging and Extends Lifespan to 150 Years","Eating Two Spoons of Cinnamon Daily Completely Reverses Aging and Extends Lifespan to 150 Years. Big Pharma does not want you knowing this fountain of youth secret! Consuming Ceylon cinnamon every morning repairs telomeres and reverses biological ",0
"Famous Actor Found Alive on Remote Pacific Island Twenty Years After Staged Funeral","Paparazzi drone photographs have confirmed that the beloved legendary actor who supposedly died in an accident twenty years ago is alive and well, operating an extravagant private resort on an uncharted South Pacific atoll to evade corporate taxes and Hollywood contracts!",0
"Famous Actor Found Alive on Remote Pacific Island Twenty Years After Staged Funeral","Famous Actor Found Alive on Remote Pacific Island Twenty Years After Staged Funeral. Paparazzi drone photographs have confirmed that the beloved legendary actor who supposedly died in an accident twenty years ago is alive and well, ope",0
"Artificial Sweetener Found to Contain Nano-Robots That Control Human Appetite and Voting Decisions","Independent laboratory testing has supposedly isolated microscopic metallic nanobots in popular diet soda brands. Once digested, these autonomous microscopic machines migrate into the hypothalamus to induce intense cravings for processed foods while stimulating subconscious political preferences!",0
"Artificial Sweetener Found to Contain Nano-Robots That Control Human Appetite and Voting Decisions","Artificial Sweetener Found to Contain Nano-Robots That Control Human Appetite and Voting Decisions. Independent laboratory testing has supposedly isolated microscopic metallic nanobots in popular diet soda brands. Once digested, these autonomous micr",0
"Airports Secretly Spraying Travelers with Invisible Tracking Powder at Security Checkpoints","Whistleblower airport baggage handlers have revealed that standard body security scanners are equipped with aerosol nozzles that mist passing travelers with radioactive luminescent dust visible only to government surveillance drones for continuous thirty-day geo-tracking!",0
"Airports Secretly Spraying Travelers with Invisible Tracking Powder at Security Checkpoints","Airports Secretly Spraying Travelers with Invisible Tracking Powder at Security Checkpoints. Whistleblower airport baggage handlers have revealed that standard body security scanners are equipped with aerosol nozzles that mist passing traveler",0
"Billionaire Buys All Drinking Water Rights in North America to Force Citizens to Drink Branded Synthetic Milk","Court documents allegedly filed in federal bankruptcy court reveal that a controversial international tycoon has quietly acquired all freshwater aquifers and rivers across the continent to shut off tap water and compel the entire population to buy proprietary nutrient water at twenty dollars per gallon!",0
"Billionaire Buys All Drinking Water Rights in North America to Force Citizens to Drink Branded Synthetic Milk","Billionaire Buys All Drinking Water Rights in North America to Force Citizens to Drink Branded Synthetic Milk. Court documents allegedly filed in federal bankruptcy court reveal that a controversial international tycoon has quietly acquired all freshwater aquif",0
"Ancient Inscription Proves Dinosaurs Spoke Fluent Latin and Built Megalithic Cities","A controversial rogue paleontologist has unveiled stone tablets discovered in a limestone cave containing hieroglyphic grammar showing that Tyrannosaurus Rex possessed vocal cords capable of speaking classical Latin and established democratic senate institutions millions of years ago!",0
"Ancient Inscription Proves Dinosaurs Spoke Fluent Latin and Built Megalithic Cities","Ancient Inscription Proves Dinosaurs Spoke Fluent Latin and Built Megalithic Cities. A controversial rogue paleontologist has unveiled stone tablets discovered in a limestone cave containing hieroglyphic grammar showing that Tyrannosau",0
"Government Imposes Twenty Percent Oxygen Tax on Every Breath Measured by Smart Watches","Leaked internal revenue documents suggest that starting next year, smart wristbands and fitness trackers will measure tidal lung capacity and bill consumers an automated monthly metabolic respiratory consumption surcharge directly debited from payroll accounts!",0
"Government Imposes Twenty Percent Oxygen Tax on Every Breath Measured by Smart Watches","Government Imposes Twenty Percent Oxygen Tax on Every Breath Measured by Smart Watches. Leaked internal revenue documents suggest that starting next year, smart wristbands and fitness trackers will measure tidal lung capacity and bill con",0
"Supermarket Barcode Scanners Secretly Photograph Your Retina to Create Digital Clone Database","Retail workers have revealed that automated checkout scanners are not scanning merchandise price codes, but rather capturing high-resolution infrared iris scans of shoppers to populate a global biometric facial clone registry without customer knowledge or consent!",0
"Supermarket Barcode Scanners Secretly Photograph Your Retina to Create Digital Clone Database","Supermarket Barcode Scanners Secretly Photograph Your Retina to Create Digital Clone Database. Retail workers have revealed that automated checkout scanners are not scanning merchandise price codes, but rather capturing high-resolution infrared ",0
"Electric Vehicles - Official Progress Report Part 1","Automakers Report Record Growth in Electric Vehicle Adoption Across European Markets. European Automobile Manufacturers Association data shows battery electric vehicle sales rose 28% year over year, driven by expanding public fast-charging infrastructure and consumer subsidy programs. Additional verification data confirmed across monitoring stations in sector 10. Official regulatory filing ID: REF-2024-REP.",1
"EXPOSED: The Secret Truth About Electric Vehicles They Are Hiding! #1","GOVERNMENT BANS ALL GASOLINE CARS TOMORROW AND CONFISCATES KEYS! Emergency federal legislation mandates immediate confiscation of all non-electric vehicles by midnight with mandatory crushing of private automobiles! Share this before it gets deleted from the internet! Source confirms insider level 1 clearance leaked this shocking truth.",0
"Electric Vehicles - Official Progress Report Part 2","Automakers Report Record Growth in Electric Vehicle Adoption Across European Markets. European Automobile Manufacturers Association data shows battery electric vehicle sales rose 28% year over year, driven by expanding public fast-charging infrastructure and consumer subsidy programs. Additional verification data confirmed across monitoring stations in sector 11. Official regulatory filing ID: REF-2025-REP.",1
"EXPOSED: The Secret Truth About Electric Vehicles They Are Hiding! #2","GOVERNMENT BANS ALL GASOLINE CARS TOMORROW AND CONFISCATES KEYS! Emergency federal legislation mandates immediate confiscation of all non-electric vehicles by midnight with mandatory crushing of private automobiles! Share this before it gets deleted from the internet! Source confirms insider level 2 clearance leaked this shocking truth.",0
"Electric Vehicles - Official Progress Report Part 3","Automakers Report Record Growth in Electric Vehicle Adoption Across European Markets. European Automobile Manufacturers Association data shows battery electric vehicle sales rose 28% year over year, driven by expanding public fast-charging infrastructure and consumer subsidy programs. Additional verification data confirmed across monitoring stations in sector 12. Official regulatory filing ID: REF-2026-REP.",1
"EXPOSED: The Secret Truth About Electric Vehicles They Are Hiding! #3","GOVERNMENT BANS ALL GASOLINE CARS TOMORROW AND CONFISCATES KEYS! Emergency federal legislation mandates immediate confiscation of all non-electric vehicles by midnight with mandatory crushing of private automobiles! Share this before it gets deleted from the internet! Source confirms insider level 3 clearance leaked this shocking truth.",0
"Electric Vehicles - Official Progress Report Part 4","Automakers Report Record Growth in Electric Vehicle Adoption Across European Markets. European Automobile Manufacturers Association data shows battery electric vehicle sales rose 28% year over year, driven by expanding public fast-charging infrastructure and consumer subsidy programs. Additional verification data confirmed across monitoring stations in sector 13. Official regulatory filing ID: REF-2027-REP.",1
"EXPOSED: The Secret Truth About Electric Vehicles They Are Hiding! #4","GOVERNMENT BANS ALL GASOLINE CARS TOMORROW AND CONFISCATES KEYS! Emergency federal legislation mandates immediate confiscation of all non-electric vehicles by midnight with mandatory crushing of private automobiles! Share this before it gets deleted from the internet! Source confirms insider level 4 clearance leaked this shocking truth.",0
"Electric Vehicles - Official Progress Report Part 5","Automakers Report Record Growth in Electric Vehicle Adoption Across European Markets. European Automobile Manufacturers Association data shows battery electric vehicle sales rose 28% year over year, driven by expanding public fast-charging infrastructure and consumer subsidy programs. Additional verification data confirmed across monitoring stations in sector 14. Official regulatory filing ID: REF-2028-REP.",1
"EXPOSED: The Secret Truth About Electric Vehicles They Are Hiding! #5","GOVERNMENT BANS ALL GASOLINE CARS TOMORROW AND CONFISCATES KEYS! Emergency federal legislation mandates immediate confiscation of all non-electric vehicles by midnight with mandatory crushing of private automobiles! Share this before it gets deleted from the internet! Source confirms insider level 5 clearance leaked this shocking truth.",0
"Electric Vehicles - Official Progress Report Part 6","Automakers Report Record Growth in Electric Vehicle Adoption Across European Markets. European Automobile Manufacturers Association data shows battery electric vehicle sales rose 28% year over year, driven by expanding public fast-charging infrastructure and consumer subsidy programs. Additional verification data confirmed across monitoring stations in sector 15. Official regulatory filing ID: REF-2029-REP.",1
"EXPOSED: The Secret Truth About Electric Vehicles They Are Hiding! #6","GOVERNMENT BANS ALL GASOLINE CARS TOMORROW AND CONFISCATES KEYS! Emergency federal legislation mandates immediate confiscation of all non-electric vehicles by midnight with mandatory crushing of private automobiles! Share this before it gets deleted from the internet! Source confirms insider level 6 clearance leaked this shocking truth.",0
"Electric Vehicles - Official Progress Report Part 7","Automakers Report Record Growth in Electric Vehicle Adoption Across European Markets. European Automobile Manufacturers Association data shows battery electric vehicle sales rose 28% year over year, driven by expanding public fast-charging infrastructure and consumer subsidy programs. Additional verification data confirmed across monitoring stations in sector 16. Official regulatory filing ID: REF-2030-REP.",1
"EXPOSED: The Secret Truth About Electric Vehicles They Are Hiding! #7","GOVERNMENT BANS ALL GASOLINE CARS TOMORROW AND CONFISCATES KEYS! Emergency federal legislation mandates immediate confiscation of all non-electric vehicles by midnight with mandatory crushing of private automobiles! Share this before it gets deleted from the internet! Source confirms insider level 7 clearance leaked this shocking truth.",0
"Electric Vehicles - Official Progress Report Part 8","Automakers Report Record Growth in Electric Vehicle Adoption Across European Markets. European Automobile Manufacturers Association data shows battery electric vehicle sales rose 28% year over year, driven by expanding public fast-charging infrastructure and consumer subsidy programs. Additional verification data confirmed across monitoring stations in sector 17. Official regulatory filing ID: REF-2031-REP.",1
"EXPOSED: The Secret Truth About Electric Vehicles They Are Hiding! #8","GOVERNMENT BANS ALL GASOLINE CARS TOMORROW AND CONFISCATES KEYS! Emergency federal legislation mandates immediate confiscation of all non-electric vehicles by midnight with mandatory crushing of private automobiles! Share this before it gets deleted from the internet! Source confirms insider level 8 clearance leaked this shocking truth.",0
"Electric Vehicles - Official Progress Report Part 9","Automakers Report Record Growth in Electric Vehicle Adoption Across European Markets. European Automobile Manufacturers Association data shows battery electric vehicle sales rose 28% year over year, driven by expanding public fast-charging infrastructure and consumer subsidy programs. Additional verification data confirmed across monitoring stations in sector 18. Official regulatory filing ID: REF-2032-REP.",1
"EXPOSED: The Secret Truth About Electric Vehicles They Are Hiding! #9","GOVERNMENT BANS ALL GASOLINE CARS TOMORROW AND CONFISCATES KEYS! Emergency federal legislation mandates immediate confiscation of all non-electric vehicles by midnight with mandatory crushing of private automobiles! Share this before it gets deleted from the internet! Source confirms insider level 9 clearance leaked this shocking truth.",0
"Electric Vehicles - Official Progress Report Part 10","Automakers Report Record Growth in Electric Vehicle Adoption Across European Markets. European Automobile Manufacturers Association data shows battery electric vehicle sales rose 28% year over year, driven by expanding public fast-charging infrastructure and consumer subsidy programs. Additional verification data confirmed across monitoring stations in sector 19. Official regulatory filing ID: REF-2033-REP.",1
"EXPOSED: The Secret Truth About Electric Vehicles They Are Hiding! #10","GOVERNMENT BANS ALL GASOLINE CARS TOMORROW AND CONFISCATES KEYS! Emergency federal legislation mandates immediate confiscation of all non-electric vehicles by midnight with mandatory crushing of private automobiles! Share this before it gets deleted from the internet! Source confirms insider level 10 clearance leaked this shocking truth.",0
"Electric Vehicles - Official Progress Report Part 11","Automakers Report Record Growth in Electric Vehicle Adoption Across European Markets. European Automobile Manufacturers Association data shows battery electric vehicle sales rose 28% year over year, driven by expanding public fast-charging infrastructure and consumer subsidy programs. Additional verification data confirmed across monitoring stations in sector 20. Official regulatory filing ID: REF-2034-REP.",1
"EXPOSED: The Secret Truth About Electric Vehicles They Are Hiding! #11","GOVERNMENT BANS ALL GASOLINE CARS TOMORROW AND CONFISCATES KEYS! Emergency federal legislation mandates immediate confiscation of all non-electric vehicles by midnight with mandatory crushing of private automobiles! Share this before it gets deleted from the internet! Source confirms insider level 11 clearance leaked this shocking truth.",0
"Electric Vehicles - Official Progress Report Part 12","Automakers Report Record Growth in Electric Vehicle Adoption Across European Markets. European Automobile Manufacturers Association data shows battery electric vehicle sales rose 28% year over year, driven by expanding public fast-charging infrastructure and consumer subsidy programs. Additional verification data confirmed across monitoring stations in sector 21. Official regulatory filing ID: REF-2035-REP.",1
"EXPOSED: The Secret Truth About Electric Vehicles They Are Hiding! #12","GOVERNMENT BANS ALL GASOLINE CARS TOMORROW AND CONFISCATES KEYS! Emergency federal legislation mandates immediate confiscation of all non-electric vehicles by midnight with mandatory crushing of private automobiles! Share this before it gets deleted from the internet! Source confirms insider level 12 clearance leaked this shocking truth.",0
"Space Exploration - Official Progress Report Part 1","European Space Agency Euclid Spacecraft Releases First Full-Color Cosmological Survey. The telescope has mapped millions of distant galaxies across ten billion light years to analyze dark matter distributions and cosmic web filaments. Additional verification data confirmed across monitoring stations in sector 10. Official regulatory filing ID: REF-2024-REP.",1
"EXPOSED: The Secret Truth About Space Exploration They Are Hiding! #1","ALIEN MOTHERSHIP PHOTOGRAPHED DOCKING BEHIND MOON BY AMATEUR ASTRONOMER! NASA frantically cuts live satellite feed after two-mile metallic mothership opens laser hangar bays in front of millions of online viewers! Share this before it gets deleted from the internet! Source confirms insider level 1 clearance leaked this shocking truth.",0
"Space Exploration - Official Progress Report Part 2","European Space Agency Euclid Spacecraft Releases First Full-Color Cosmological Survey. The telescope has mapped millions of distant galaxies across ten billion light years to analyze dark matter distributions and cosmic web filaments. Additional verification data confirmed across monitoring stations in sector 11. Official regulatory filing ID: REF-2025-REP.",1
"EXPOSED: The Secret Truth About Space Exploration They Are Hiding! #2","ALIEN MOTHERSHIP PHOTOGRAPHED DOCKING BEHIND MOON BY AMATEUR ASTRONOMER! NASA frantically cuts live satellite feed after two-mile metallic mothership opens laser hangar bays in front of millions of online viewers! Share this before it gets deleted from the internet! Source confirms insider level 2 clearance leaked this shocking truth.",0
"Space Exploration - Official Progress Report Part 3","European Space Agency Euclid Spacecraft Releases First Full-Color Cosmological Survey. The telescope has mapped millions of distant galaxies across ten billion light years to analyze dark matter distributions and cosmic web filaments. Additional verification data confirmed across monitoring stations in sector 12. Official regulatory filing ID: REF-2026-REP.",1
"EXPOSED: The Secret Truth About Space Exploration They Are Hiding! #3","ALIEN MOTHERSHIP PHOTOGRAPHED DOCKING BEHIND MOON BY AMATEUR ASTRONOMER! NASA frantically cuts live satellite feed after two-mile metallic mothership opens laser hangar bays in front of millions of online viewers! Share this before it gets deleted from the internet! Source confirms insider level 3 clearance leaked this shocking truth.",0
"Space Exploration - Official Progress Report Part 4","European Space Agency Euclid Spacecraft Releases First Full-Color Cosmological Survey. The telescope has mapped millions of distant galaxies across ten billion light years to analyze dark matter distributions and cosmic web filaments. Additional verification data confirmed across monitoring stations in sector 13. Official regulatory filing ID: REF-2027-REP.",1
"EXPOSED: The Secret Truth About Space Exploration They Are Hiding! #4","ALIEN MOTHERSHIP PHOTOGRAPHED DOCKING BEHIND MOON BY AMATEUR ASTRONOMER! NASA frantically cuts live satellite feed after two-mile metallic mothership opens laser hangar bays in front of millions of online viewers! Share this before it gets deleted from the internet! Source confirms insider level 4 clearance leaked this shocking truth.",0
"Space Exploration - Official Progress Report Part 5","European Space Agency Euclid Spacecraft Releases First Full-Color Cosmological Survey. The telescope has mapped millions of distant galaxies across ten billion light years to analyze dark matter distributions and cosmic web filaments. Additional verification data confirmed across monitoring stations in sector 14. Official regulatory filing ID: REF-2028-REP.",1
"EXPOSED: The Secret Truth About Space Exploration They Are Hiding! #5","ALIEN MOTHERSHIP PHOTOGRAPHED DOCKING BEHIND MOON BY AMATEUR ASTRONOMER! NASA frantically cuts live satellite feed after two-mile metallic mothership opens laser hangar bays in front of millions of online viewers! Share this before it gets deleted from the internet! Source confirms insider level 5 clearance leaked this shocking truth.",0
"Space Exploration - Official Progress Report Part 6","European Space Agency Euclid Spacecraft Releases First Full-Color Cosmological Survey. The telescope has mapped millions of distant galaxies across ten billion light years to analyze dark matter distributions and cosmic web filaments. Additional verification data confirmed across monitoring stations in sector 15. Official regulatory filing ID: REF-2029-REP.",1
"EXPOSED: The Secret Truth About Space Exploration They Are Hiding! #6","ALIEN MOTHERSHIP PHOTOGRAPHED DOCKING BEHIND MOON BY AMATEUR ASTRONOMER! NASA frantically cuts live satellite feed after two-mile metallic mothership opens laser hangar bays in front of millions of online viewers! Share this before it gets deleted from the internet! Source confirms insider level 6 clearance leaked this shocking truth.",0
"Space Exploration - Official Progress Report Part 7","European Space Agency Euclid Spacecraft Releases First Full-Color Cosmological Survey. The telescope has mapped millions of distant galaxies across ten billion light years to analyze dark matter distributions and cosmic web filaments. Additional verification data confirmed across monitoring stations in sector 16. Official regulatory filing ID: REF-2030-REP.",1
"EXPOSED: The Secret Truth About Space Exploration They Are Hiding! #7","ALIEN MOTHERSHIP PHOTOGRAPHED DOCKING BEHIND MOON BY AMATEUR ASTRONOMER! NASA frantically cuts live satellite feed after two-mile metallic mothership opens laser hangar bays in front of millions of online viewers! Share this before it gets deleted from the internet! Source confirms insider level 7 clearance leaked this shocking truth.",0
"Space Exploration - Official Progress Report Part 8","European Space Agency Euclid Spacecraft Releases First Full-Color Cosmological Survey. The telescope has mapped millions of distant galaxies across ten billion light years to analyze dark matter distributions and cosmic web filaments. Additional verification data confirmed across monitoring stations in sector 17. Official regulatory filing ID: REF-2031-REP.",1
"EXPOSED: The Secret Truth About Space Exploration They Are Hiding! #8","ALIEN MOTHERSHIP PHOTOGRAPHED DOCKING BEHIND MOON BY AMATEUR ASTRONOMER! NASA frantically cuts live satellite feed after two-mile metallic mothership opens laser hangar bays in front of millions of online viewers! Share this before it gets deleted from the internet! Source confirms insider level 8 clearance leaked this shocking truth.",0
"Space Exploration - Official Progress Report Part 9","European Space Agency Euclid Spacecraft Releases First Full-Color Cosmological Survey. The telescope has mapped millions of distant galaxies across ten billion light years to analyze dark matter distributions and cosmic web filaments. Additional verification data confirmed across monitoring stations in sector 18. Official regulatory filing ID: REF-2032-REP.",1
"EXPOSED: The Secret Truth About Space Exploration They Are Hiding! #9","ALIEN MOTHERSHIP PHOTOGRAPHED DOCKING BEHIND MOON BY AMATEUR ASTRONOMER! NASA frantically cuts live satellite feed after two-mile metallic mothership opens laser hangar bays in front of millions of online viewers! Share this before it gets deleted from the internet! Source confirms insider level 9 clearance leaked this shocking truth.",0
"Space Exploration - Official Progress Report Part 10","European Space Agency Euclid Spacecraft Releases First Full-Color Cosmological Survey. The telescope has mapped millions of distant galaxies across ten billion light years to analyze dark matter distributions and cosmic web filaments. Additional verification data confirmed across monitoring stations in sector 19. Official regulatory filing ID: REF-2033-REP.",1
"EXPOSED: The Secret Truth About Space Exploration They Are Hiding! #10","ALIEN MOTHERSHIP PHOTOGRAPHED DOCKING BEHIND MOON BY AMATEUR ASTRONOMER! NASA frantically cuts live satellite feed after two-mile metallic mothership opens laser hangar bays in front of millions of online viewers! Share this before it gets deleted from the internet! Source confirms insider level 10 clearance leaked this shocking truth.",0
"Space Exploration - Official Progress Report Part 11","European Space Agency Euclid Spacecraft Releases First Full-Color Cosmological Survey. The telescope has mapped millions of distant galaxies across ten billion light years to analyze dark matter distributions and cosmic web filaments. Additional verification data confirmed across monitoring stations in sector 20. Official regulatory filing ID: REF-2034-REP.",1
"EXPOSED: The Secret Truth About Space Exploration They Are Hiding! #11","ALIEN MOTHERSHIP PHOTOGRAPHED DOCKING BEHIND MOON BY AMATEUR ASTRONOMER! NASA frantically cuts live satellite feed after two-mile metallic mothership opens laser hangar bays in front of millions of online viewers! Share this before it gets deleted from the internet! Source confirms insider level 11 clearance leaked this shocking truth.",0
"Space Exploration - Official Progress Report Part 12","European Space Agency Euclid Spacecraft Releases First Full-Color Cosmological Survey. The telescope has mapped millions of distant galaxies across ten billion light years to analyze dark matter distributions and cosmic web filaments. Additional verification data confirmed across monitoring stations in sector 21. Official regulatory filing ID: REF-2035-REP.",1
"EXPOSED: The Secret Truth About Space Exploration They Are Hiding! #12","ALIEN MOTHERSHIP PHOTOGRAPHED DOCKING BEHIND MOON BY AMATEUR ASTRONOMER! NASA frantically cuts live satellite feed after two-mile metallic mothership opens laser hangar bays in front of millions of online viewers! Share this before it gets deleted from the internet! Source confirms insider level 12 clearance leaked this shocking truth.",0
"Economic Policy - Official Progress Report Part 1","Department of Labor Reports Unemployment Claims Fall to Four-Month Low as Job Market Stabilizes. Initial filings for state unemployment benefits decreased by 12,000 to a seasonally adjusted 216,000, indicating labor market resilience despite high interest rates. Additional verification data confirmed across monitoring stations in sector 10. Official regulatory filing ID: REF-2024-REP.",1
"EXPOSED: The Secret Truth About Economic Policy They Are Hiding! #1","CENTRAL BANK ANNOUNCES TOTAL CONFISCATION OF ALL PERSONAL RETIREMENT SAVINGS! Financial authorities have declared all pension funds null and void, ordering banks to seize personal 401k balances to pay off national sovereign debt! Share this before it gets deleted from the internet! Source confirms insider level 1 clearance leaked this shocking truth.",0
"Economic Policy - Official Progress Report Part 2","Department of Labor Reports Unemployment Claims Fall to Four-Month Low as Job Market Stabilizes. Initial filings for state unemployment benefits decreased by 12,000 to a seasonally adjusted 216,000, indicating labor market resilience despite high interest rates. Additional verification data confirmed across monitoring stations in sector 11. Official regulatory filing ID: REF-2025-REP.",1
"EXPOSED: The Secret Truth About Economic Policy They Are Hiding! #2","CENTRAL BANK ANNOUNCES TOTAL CONFISCATION OF ALL PERSONAL RETIREMENT SAVINGS! Financial authorities have declared all pension funds null and void, ordering banks to seize personal 401k balances to pay off national sovereign debt! Share this before it gets deleted from the internet! Source confirms insider level 2 clearance leaked this shocking truth.",0
"Economic Policy - Official Progress Report Part 3","Department of Labor Reports Unemployment Claims Fall to Four-Month Low as Job Market Stabilizes. Initial filings for state unemployment benefits decreased by 12,000 to a seasonally adjusted 216,000, indicating labor market resilience despite high interest rates. Additional verification data confirmed across monitoring stations in sector 12. Official regulatory filing ID: REF-2026-REP.",1
"EXPOSED: The Secret Truth About Economic Policy They Are Hiding! #3","CENTRAL BANK ANNOUNCES TOTAL CONFISCATION OF ALL PERSONAL RETIREMENT SAVINGS! Financial authorities have declared all pension funds null and void, ordering banks to seize personal 401k balances to pay off national sovereign debt! Share this before it gets deleted from the internet! Source confirms insider level 3 clearance leaked this shocking truth.",0
"Economic Policy - Official Progress Report Part 4","Department of Labor Reports Unemployment Claims Fall to Four-Month Low as Job Market Stabilizes. Initial filings for state unemployment benefits decreased by 12,000 to a seasonally adjusted 216,000, indicating labor market resilience despite high interest rates. Additional verification data confirmed across monitoring stations in sector 13. Official regulatory filing ID: REF-2027-REP.",1
"EXPOSED: The Secret Truth About Economic Policy They Are Hiding! #4","CENTRAL BANK ANNOUNCES TOTAL CONFISCATION OF ALL PERSONAL RETIREMENT SAVINGS! Financial authorities have declared all pension funds null and void, ordering banks to seize personal 401k balances to pay off national sovereign debt! Share this before it gets deleted from the internet! Source confirms insider level 4 clearance leaked this shocking truth.",0
"Economic Policy - Official Progress Report Part 5","Department of Labor Reports Unemployment Claims Fall to Four-Month Low as Job Market Stabilizes. Initial filings for state unemployment benefits decreased by 12,000 to a seasonally adjusted 216,000, indicating labor market resilience despite high interest rates. Additional verification data confirmed across monitoring stations in sector 14. Official regulatory filing ID: REF-2028-REP.",1
"EXPOSED: The Secret Truth About Economic Policy They Are Hiding! #5","CENTRAL BANK ANNOUNCES TOTAL CONFISCATION OF ALL PERSONAL RETIREMENT SAVINGS! Financial authorities have declared all pension funds null and void, ordering banks to seize personal 401k balances to pay off national sovereign debt! Share this before it gets deleted from the internet! Source confirms insider level 5 clearance leaked this shocking truth.",0
"Economic Policy - Official Progress Report Part 6","Department of Labor Reports Unemployment Claims Fall to Four-Month Low as Job Market Stabilizes. Initial filings for state unemployment benefits decreased by 12,000 to a seasonally adjusted 216,000, indicating labor market resilience despite high interest rates. Additional verification data confirmed across monitoring stations in sector 15. Official regulatory filing ID: REF-2029-REP.",1
"EXPOSED: The Secret Truth About Economic Policy They Are Hiding! #6","CENTRAL BANK ANNOUNCES TOTAL CONFISCATION OF ALL PERSONAL RETIREMENT SAVINGS! Financial authorities have declared all pension funds null and void, ordering banks to seize personal 401k balances to pay off national sovereign debt! Share this before it gets deleted from the internet! Source confirms insider level 6 clearance leaked this shocking truth.",0
"Economic Policy - Official Progress Report Part 7","Department of Labor Reports Unemployment Claims Fall to Four-Month Low as Job Market Stabilizes. Initial filings for state unemployment benefits decreased by 12,000 to a seasonally adjusted 216,000, indicating labor market resilience despite high interest rates. Additional verification data confirmed across monitoring stations in sector 16. Official regulatory filing ID: REF-2030-REP.",1
"EXPOSED: The Secret Truth About Economic Policy They Are Hiding! #7","CENTRAL BANK ANNOUNCES TOTAL CONFISCATION OF ALL PERSONAL RETIREMENT SAVINGS! Financial authorities have declared all pension funds null and void, ordering banks to seize personal 401k balances to pay off national sovereign debt! Share this before it gets deleted from the internet! Source confirms insider level 7 clearance leaked this shocking truth.",0
"Economic Policy - Official Progress Report Part 8","Department of Labor Reports Unemployment Claims Fall to Four-Month Low as Job Market Stabilizes. Initial filings for state unemployment benefits decreased by 12,000 to a seasonally adjusted 216,000, indicating labor market resilience despite high interest rates. Additional verification data confirmed across monitoring stations in sector 17. Official regulatory filing ID: REF-2031-REP.",1
"EXPOSED: The Secret Truth About Economic Policy They Are Hiding! #8","CENTRAL BANK ANNOUNCES TOTAL CONFISCATION OF ALL PERSONAL RETIREMENT SAVINGS! Financial authorities have declared all pension funds null and void, ordering banks to seize personal 401k balances to pay off national sovereign debt! Share this before it gets deleted from the internet! Source confirms insider level 8 clearance leaked this shocking truth.",0
"Economic Policy - Official Progress Report Part 9","Department of Labor Reports Unemployment Claims Fall to Four-Month Low as Job Market Stabilizes. Initial filings for state unemployment benefits decreased by 12,000 to a seasonally adjusted 216,000, indicating labor market resilience despite high interest rates. Additional verification data confirmed across monitoring stations in sector 18. Official regulatory filing ID: REF-2032-REP.",1
"EXPOSED: The Secret Truth About Economic Policy They Are Hiding! #9","CENTRAL BANK ANNOUNCES TOTAL CONFISCATION OF ALL PERSONAL RETIREMENT SAVINGS! Financial authorities have declared all pension funds null and void, ordering banks to seize personal 401k balances to pay off national sovereign debt! Share this before it gets deleted from the internet! Source confirms insider level 9 clearance leaked this shocking truth.",0
"Economic Policy - Official Progress Report Part 10","Department of Labor Reports Unemployment Claims Fall to Four-Month Low as Job Market Stabilizes. Initial filings for state unemployment benefits decreased by 12,000 to a seasonally adjusted 216,000, indicating labor market resilience despite high interest rates. Additional verification data confirmed across monitoring stations in sector 19. Official regulatory filing ID: REF-2033-REP.",1
"EXPOSED: The Secret Truth About Economic Policy They Are Hiding! #10","CENTRAL BANK ANNOUNCES TOTAL CONFISCATION OF ALL PERSONAL RETIREMENT SAVINGS! Financial authorities have declared all pension funds null and void, ordering banks to seize personal 401k balances to pay off national sovereign debt! Share this before it gets deleted from the internet! Source confirms insider level 10 clearance leaked this shocking truth.",0
"Economic Policy - Official Progress Report Part 11","Department of Labor Reports Unemployment Claims Fall to Four-Month Low as Job Market Stabilizes. Initial filings for state unemployment benefits decreased by 12,000 to a seasonally adjusted 216,000, indicating labor market resilience despite high interest rates. Additional verification data confirmed across monitoring stations in sector 20. Official regulatory filing ID: REF-2034-REP.",1
"EXPOSED: The Secret Truth About Economic Policy They Are Hiding! #11","CENTRAL BANK ANNOUNCES TOTAL CONFISCATION OF ALL PERSONAL RETIREMENT SAVINGS! Financial authorities have declared all pension funds null and void, ordering banks to seize personal 401k balances to pay off national sovereign debt! Share this before it gets deleted from the internet! Source confirms insider level 11 clearance leaked this shocking truth.",0
"Economic Policy - Official Progress Report Part 12","Department of Labor Reports Unemployment Claims Fall to Four-Month Low as Job Market Stabilizes. Initial filings for state unemployment benefits decreased by 12,000 to a seasonally adjusted 216,000, indicating labor market resilience despite high interest rates. Additional verification data confirmed across monitoring stations in sector 21. Official regulatory filing ID: REF-2035-REP.",1
"EXPOSED: The Secret Truth About Economic Policy They Are Hiding! #12","CENTRAL BANK ANNOUNCES TOTAL CONFISCATION OF ALL PERSONAL RETIREMENT SAVINGS! Financial authorities have declared all pension funds null and void, ordering banks to seize personal 401k balances to pay off national sovereign debt! Share this before it gets deleted from the internet! Source confirms insider level 12 clearance leaked this shocking truth.",0
"Medical Research - Official Progress Report Part 1","National Institutes of Health Launches Multi-Center Trial for Universal Flu Vaccine Candidate. The Phase I clinical study will evaluate the safety and immunogenicity of an investigational mRNA vaccine targeting conserved hemagglutinin stalk domains across multiple influenza strains. Additional verification data confirmed across monitoring stations in sector 10. Official regulatory filing ID: REF-2024-REP.",1
"EXPOSED: The Secret Truth About Medical Research They Are Hiding! #1","ONE CUP OF BOILED ONION WATER ELIMINATES ALL VIRUSES AND CURES DIABETES PERMANENTLY! Medical doctors are begging people not to share this suppressed natural cure that cleanses blood sugar and restores vision in three days without insulin! Share this before it gets deleted from the internet! Source confirms insider level 1 clearance leaked this shocking truth.",0
"Medical Research - Official Progress Report Part 2","National Institutes of Health Launches Multi-Center Trial for Universal Flu Vaccine Candidate. The Phase I clinical study will evaluate the safety and immunogenicity of an investigational mRNA vaccine targeting conserved hemagglutinin stalk domains across multiple influenza strains. Additional verification data confirmed across monitoring stations in sector 11. Official regulatory filing ID: REF-2025-REP.",1
"EXPOSED: The Secret Truth About Medical Research They Are Hiding! #2","ONE CUP OF BOILED ONION WATER ELIMINATES ALL VIRUSES AND CURES DIABETES PERMANENTLY! Medical doctors are begging people not to share this suppressed natural cure that cleanses blood sugar and restores vision in three days without insulin! Share this before it gets deleted from the internet! Source confirms insider level 2 clearance leaked this shocking truth.",0
"Medical Research - Official Progress Report Part 3","National Institutes of Health Launches Multi-Center Trial for Universal Flu Vaccine Candidate. The Phase I clinical study will evaluate the safety and immunogenicity of an investigational mRNA vaccine targeting conserved hemagglutinin stalk domains across multiple influenza strains. Additional verification data confirmed across monitoring stations in sector 12. Official regulatory filing ID: REF-2026-REP.",1
"EXPOSED: The Secret Truth About Medical Research They Are Hiding! #3","ONE CUP OF BOILED ONION WATER ELIMINATES ALL VIRUSES AND CURES DIABETES PERMANENTLY! Medical doctors are begging people not to share this suppressed natural cure that cleanses blood sugar and restores vision in three days without insulin! Share this before it gets deleted from the internet! Source confirms insider level 3 clearance leaked this shocking truth.",0
"Medical Research - Official Progress Report Part 4","National Institutes of Health Launches Multi-Center Trial for Universal Flu Vaccine Candidate. The Phase I clinical study will evaluate the safety and immunogenicity of an investigational mRNA vaccine targeting conserved hemagglutinin stalk domains across multiple influenza strains. Additional verification data confirmed across monitoring stations in sector 13. Official regulatory filing ID: REF-2027-REP.",1
"EXPOSED: The Secret Truth About Medical Research They Are Hiding! #4","ONE CUP OF BOILED ONION WATER ELIMINATES ALL VIRUSES AND CURES DIABETES PERMANENTLY! Medical doctors are begging people not to share this suppressed natural cure that cleanses blood sugar and restores vision in three days without insulin! Share this before it gets deleted from the internet! Source confirms insider level 4 clearance leaked this shocking truth.",0
"Medical Research - Official Progress Report Part 5","National Institutes of Health Launches Multi-Center Trial for Universal Flu Vaccine Candidate. The Phase I clinical study will evaluate the safety and immunogenicity of an investigational mRNA vaccine targeting conserved hemagglutinin stalk domains across multiple influenza strains. Additional verification data confirmed across monitoring stations in sector 14. Official regulatory filing ID: REF-2028-REP.",1
"EXPOSED: The Secret Truth About Medical Research They Are Hiding! #5","ONE CUP OF BOILED ONION WATER ELIMINATES ALL VIRUSES AND CURES DIABETES PERMANENTLY! Medical doctors are begging people not to share this suppressed natural cure that cleanses blood sugar and restores vision in three days without insulin! Share this before it gets deleted from the internet! Source confirms insider level 5 clearance leaked this shocking truth.",0
"Medical Research - Official Progress Report Part 6","National Institutes of Health Launches Multi-Center Trial for Universal Flu Vaccine Candidate. The Phase I clinical study will evaluate the safety and immunogenicity of an investigational mRNA vaccine targeting conserved hemagglutinin stalk domains across multiple influenza strains. Additional verification data confirmed across monitoring stations in sector 15. Official regulatory filing ID: REF-2029-REP.",1
"EXPOSED: The Secret Truth About Medical Research They Are Hiding! #6","ONE CUP OF BOILED ONION WATER ELIMINATES ALL VIRUSES AND CURES DIABETES PERMANENTLY! Medical doctors are begging people not to share this suppressed natural cure that cleanses blood sugar and restores vision in three days without insulin! Share this before it gets deleted from the internet! Source confirms insider level 6 clearance leaked this shocking truth.",0
"Medical Research - Official Progress Report Part 7","National Institutes of Health Launches Multi-Center Trial for Universal Flu Vaccine Candidate. The Phase I clinical study will evaluate the safety and immunogenicity of an investigational mRNA vaccine targeting conserved hemagglutinin stalk domains across multiple influenza strains. Additional verification data confirmed across monitoring stations in sector 16. Official regulatory filing ID: REF-2030-REP.",1
"EXPOSED: The Secret Truth About Medical Research They Are Hiding! #7","ONE CUP OF BOILED ONION WATER ELIMINATES ALL VIRUSES AND CURES DIABETES PERMANENTLY! Medical doctors are begging people not to share this suppressed natural cure that cleanses blood sugar and restores vision in three days without insulin! Share this before it gets deleted from the internet! Source confirms insider level 7 clearance leaked this shocking truth.",0
"Medical Research - Official Progress Report Part 8","National Institutes of Health Launches Multi-Center Trial for Universal Flu Vaccine Candidate. The Phase I clinical study will evaluate the safety and immunogenicity of an investigational mRNA vaccine targeting conserved hemagglutinin stalk domains across multiple influenza strains. Additional verification data confirmed across monitoring stations in sector 17. Official regulatory filing ID: REF-2031-REP.",1
"EXPOSED: The Secret Truth About Medical Research They Are Hiding! #8","ONE CUP OF BOILED ONION WATER ELIMINATES ALL VIRUSES AND CURES DIABETES PERMANENTLY! Medical doctors are begging people not to share this suppressed natural cure that cleanses blood sugar and restores vision in three days without insulin! Share this before it gets deleted from the internet! Source confirms insider level 8 clearance leaked this shocking truth.",0
"Medical Research - Official Progress Report Part 9","National Institutes of Health Launches Multi-Center Trial for Universal Flu Vaccine Candidate. The Phase I clinical study will evaluate the safety and immunogenicity of an investigational mRNA vaccine targeting conserved hemagglutinin stalk domains across multiple influenza strains. Additional verification data confirmed across monitoring stations in sector 18. Official regulatory filing ID: REF-2032-REP.",1
"EXPOSED: The Secret Truth About Medical Research They Are Hiding! #9","ONE CUP OF BOILED ONION WATER ELIMINATES ALL VIRUSES AND CURES DIABETES PERMANENTLY! Medical doctors are begging people not to share this suppressed natural cure that cleanses blood sugar and restores vision in three days without insulin! Share this before it gets deleted from the internet! Source confirms insider level 9 clearance leaked this shocking truth.",0
"Medical Research - Official Progress Report Part 10","National Institutes of Health Launches Multi-Center Trial for Universal Flu Vaccine Candidate. The Phase I clinical study will evaluate the safety and immunogenicity of an investigational mRNA vaccine targeting conserved hemagglutinin stalk domains across multiple influenza strains. Additional verification data confirmed across monitoring stations in sector 19. Official regulatory filing ID: REF-2033-REP.",1
"EXPOSED: The Secret Truth About Medical Research They Are Hiding! #10","ONE CUP OF BOILED ONION WATER ELIMINATES ALL VIRUSES AND CURES DIABETES PERMANENTLY! Medical doctors are begging people not to share this suppressed natural cure that cleanses blood sugar and restores vision in three days without insulin! Share this before it gets deleted from the internet! Source confirms insider level 10 clearance leaked this shocking truth.",0
"Medical Research - Official Progress Report Part 11","National Institutes of Health Launches Multi-Center Trial for Universal Flu Vaccine Candidate. The Phase I clinical study will evaluate the safety and immunogenicity of an investigational mRNA vaccine targeting conserved hemagglutinin stalk domains across multiple influenza strains. Additional verification data confirmed across monitoring stations in sector 20. Official regulatory filing ID: REF-2034-REP.",1
"EXPOSED: The Secret Truth About Medical Research They Are Hiding! #11","ONE CUP OF BOILED ONION WATER ELIMINATES ALL VIRUSES AND CURES DIABETES PERMANENTLY! Medical doctors are begging people not to share this suppressed natural cure that cleanses blood sugar and restores vision in three days without insulin! Share this before it gets deleted from the internet! Source confirms insider level 11 clearance leaked this shocking truth.",0
"Medical Research - Official Progress Report Part 12","National Institutes of Health Launches Multi-Center Trial for Universal Flu Vaccine Candidate. The Phase I clinical study will evaluate the safety and immunogenicity of an investigational mRNA vaccine targeting conserved hemagglutinin stalk domains across multiple influenza strains. Additional verification data confirmed across monitoring stations in sector 21. Official regulatory filing ID: REF-2035-REP.",1
"EXPOSED: The Secret Truth About Medical Research They Are Hiding! #12","ONE CUP OF BOILED ONION WATER ELIMINATES ALL VIRUSES AND CURES DIABETES PERMANENTLY! Medical doctors are begging people not to share this suppressed natural cure that cleanses blood sugar and restores vision in three days without insulin! Share this before it gets deleted from the internet! Source confirms insider level 12 clearance leaked this shocking truth.",0
"Cybersecurity - Official Progress Report Part 1","Federal Trade Commission Warns Consumers Against Phishing Scams Impersonating Bank Fraud Alerts. Cybersecurity analysts documented a 40% increase in deceptive SMS text messages directing victims to spoofed banking portals designed to harvest authentication credentials. Additional verification data confirmed across monitoring stations in sector 10. Official regulatory filing ID: REF-2024-REP.",1
"EXPOSED: The Secret Truth About Cybersecurity They Are Hiding! #1","GOVERNMENT INSTALLS SECRET KEYLOGGERS ON ALL SMARTPHONES OVERNIGHT THROUGH CELL TOWERS! Whistleblowers reveal that all mobile phone operating systems were hijacked by an automated backdoor that transmits every password directly to military servers! Share this before it gets deleted from the internet! Source confirms insider level 1 clearance leaked this shocking truth.",0
"Cybersecurity - Official Progress Report Part 2","Federal Trade Commission Warns Consumers Against Phishing Scams Impersonating Bank Fraud Alerts. Cybersecurity analysts documented a 40% increase in deceptive SMS text messages directing victims to spoofed banking portals designed to harvest authentication credentials. Additional verification data confirmed across monitoring stations in sector 11. Official regulatory filing ID: REF-2025-REP.",1
"EXPOSED: The Secret Truth About Cybersecurity They Are Hiding! #2","GOVERNMENT INSTALLS SECRET KEYLOGGERS ON ALL SMARTPHONES OVERNIGHT THROUGH CELL TOWERS! Whistleblowers reveal that all mobile phone operating systems were hijacked by an automated backdoor that transmits every password directly to military servers! Share this before it gets deleted from the internet! Source confirms insider level 2 clearance leaked this shocking truth.",0
"Cybersecurity - Official Progress Report Part 3","Federal Trade Commission Warns Consumers Against Phishing Scams Impersonating Bank Fraud Alerts. Cybersecurity analysts documented a 40% increase in deceptive SMS text messages directing victims to spoofed banking portals designed to harvest authentication credentials. Additional verification data confirmed across monitoring stations in sector 12. Official regulatory filing ID: REF-2026-REP.",1
"EXPOSED: The Secret Truth About Cybersecurity They Are Hiding! #3","GOVERNMENT INSTALLS SECRET KEYLOGGERS ON ALL SMARTPHONES OVERNIGHT THROUGH CELL TOWERS! Whistleblowers reveal that all mobile phone operating systems were hijacked by an automated backdoor that transmits every password directly to military servers! Share this before it gets deleted from the internet! Source confirms insider level 3 clearance leaked this shocking truth.",0
"Cybersecurity - Official Progress Report Part 4","Federal Trade Commission Warns Consumers Against Phishing Scams Impersonating Bank Fraud Alerts. Cybersecurity analysts documented a 40% increase in deceptive SMS text messages directing victims to spoofed banking portals designed to harvest authentication credentials. Additional verification data confirmed across monitoring stations in sector 13. Official regulatory filing ID: REF-2027-REP.",1
"EXPOSED: The Secret Truth About Cybersecurity They Are Hiding! #4","GOVERNMENT INSTALLS SECRET KEYLOGGERS ON ALL SMARTPHONES OVERNIGHT THROUGH CELL TOWERS! Whistleblowers reveal that all mobile phone operating systems were hijacked by an automated backdoor that transmits every password directly to military servers! Share this before it gets deleted from the internet! Source confirms insider level 4 clearance leaked this shocking truth.",0
"Cybersecurity - Official Progress Report Part 5","Federal Trade Commission Warns Consumers Against Phishing Scams Impersonating Bank Fraud Alerts. Cybersecurity analysts documented a 40% increase in deceptive SMS text messages directing victims to spoofed banking portals designed to harvest authentication credentials. Additional verification data confirmed across monitoring stations in sector 14. Official regulatory filing ID: REF-2028-REP.",1
"EXPOSED: The Secret Truth About Cybersecurity They Are Hiding! #5","GOVERNMENT INSTALLS SECRET KEYLOGGERS ON ALL SMARTPHONES OVERNIGHT THROUGH CELL TOWERS! Whistleblowers reveal that all mobile phone operating systems were hijacked by an automated backdoor that transmits every password directly to military servers! Share this before it gets deleted from the internet! Source confirms insider level 5 clearance leaked this shocking truth.",0
"Cybersecurity - Official Progress Report Part 6","Federal Trade Commission Warns Consumers Against Phishing Scams Impersonating Bank Fraud Alerts. Cybersecurity analysts documented a 40% increase in deceptive SMS text messages directing victims to spoofed banking portals designed to harvest authentication credentials. Additional verification data confirmed across monitoring stations in sector 15. Official regulatory filing ID: REF-2029-REP.",1
"EXPOSED: The Secret Truth About Cybersecurity They Are Hiding! #6","GOVERNMENT INSTALLS SECRET KEYLOGGERS ON ALL SMARTPHONES OVERNIGHT THROUGH CELL TOWERS! Whistleblowers reveal that all mobile phone operating systems were hijacked by an automated backdoor that transmits every password directly to military servers! Share this before it gets deleted from the internet! Source confirms insider level 6 clearance leaked this shocking truth.",0
"Cybersecurity - Official Progress Report Part 7","Federal Trade Commission Warns Consumers Against Phishing Scams Impersonating Bank Fraud Alerts. Cybersecurity analysts documented a 40% increase in deceptive SMS text messages directing victims to spoofed banking portals designed to harvest authentication credentials. Additional verification data confirmed across monitoring stations in sector 16. Official regulatory filing ID: REF-2030-REP.",1
"EXPOSED: The Secret Truth About Cybersecurity They Are Hiding! #7","GOVERNMENT INSTALLS SECRET KEYLOGGERS ON ALL SMARTPHONES OVERNIGHT THROUGH CELL TOWERS! Whistleblowers reveal that all mobile phone operating systems were hijacked by an automated backdoor that transmits every password directly to military servers! Share this before it gets deleted from the internet! Source confirms insider level 7 clearance leaked this shocking truth.",0
"Cybersecurity - Official Progress Report Part 8","Federal Trade Commission Warns Consumers Against Phishing Scams Impersonating Bank Fraud Alerts. Cybersecurity analysts documented a 40% increase in deceptive SMS text messages directing victims to spoofed banking portals designed to harvest authentication credentials. Additional verification data confirmed across monitoring stations in sector 17. Official regulatory filing ID: REF-2031-REP.",1
"EXPOSED: The Secret Truth About Cybersecurity They Are Hiding! #8","GOVERNMENT INSTALLS SECRET KEYLOGGERS ON ALL SMARTPHONES OVERNIGHT THROUGH CELL TOWERS! Whistleblowers reveal that all mobile phone operating systems were hijacked by an automated backdoor that transmits every password directly to military servers! Share this before it gets deleted from the internet! Source confirms insider level 8 clearance leaked this shocking truth.",0
"Cybersecurity - Official Progress Report Part 9","Federal Trade Commission Warns Consumers Against Phishing Scams Impersonating Bank Fraud Alerts. Cybersecurity analysts documented a 40% increase in deceptive SMS text messages directing victims to spoofed banking portals designed to harvest authentication credentials. Additional verification data confirmed across monitoring stations in sector 18. Official regulatory filing ID: REF-2032-REP.",1
"EXPOSED: The Secret Truth About Cybersecurity They Are Hiding! #9","GOVERNMENT INSTALLS SECRET KEYLOGGERS ON ALL SMARTPHONES OVERNIGHT THROUGH CELL TOWERS! Whistleblowers reveal that all mobile phone operating systems were hijacked by an automated backdoor that transmits every password directly to military servers! Share this before it gets deleted from the internet! Source confirms insider level 9 clearance leaked this shocking truth.",0
"Cybersecurity - Official Progress Report Part 10","Federal Trade Commission Warns Consumers Against Phishing Scams Impersonating Bank Fraud Alerts. Cybersecurity analysts documented a 40% increase in deceptive SMS text messages directing victims to spoofed banking portals designed to harvest authentication credentials. Additional verification data confirmed across monitoring stations in sector 19. Official regulatory filing ID: REF-2033-REP.",1
"EXPOSED: The Secret Truth About Cybersecurity They Are Hiding! #10","GOVERNMENT INSTALLS SECRET KEYLOGGERS ON ALL SMARTPHONES OVERNIGHT THROUGH CELL TOWERS! Whistleblowers reveal that all mobile phone operating systems were hijacked by an automated backdoor that transmits every password directly to military servers! Share this before it gets deleted from the internet! Source confirms insider level 10 clearance leaked this shocking truth.",0
"Cybersecurity - Official Progress Report Part 11","Federal Trade Commission Warns Consumers Against Phishing Scams Impersonating Bank Fraud Alerts. Cybersecurity analysts documented a 40% increase in deceptive SMS text messages directing victims to spoofed banking portals designed to harvest authentication credentials. Additional verification data confirmed across monitoring stations in sector 20. Official regulatory filing ID: REF-2034-REP.",1
"EXPOSED: The Secret Truth About Cybersecurity They Are Hiding! #11","GOVERNMENT INSTALLS SECRET KEYLOGGERS ON ALL SMARTPHONES OVERNIGHT THROUGH CELL TOWERS! Whistleblowers reveal that all mobile phone operating systems were hijacked by an automated backdoor that transmits every password directly to military servers! Share this before it gets deleted from the internet! Source confirms insider level 11 clearance leaked this shocking truth.",0
"Cybersecurity - Official Progress Report Part 12","Federal Trade Commission Warns Consumers Against Phishing Scams Impersonating Bank Fraud Alerts. Cybersecurity analysts documented a 40% increase in deceptive SMS text messages directing victims to spoofed banking portals designed to harvest authentication credentials. Additional verification data confirmed across monitoring stations in sector 21. Official regulatory filing ID: REF-2035-REP.",1
"EXPOSED: The Secret Truth About Cybersecurity They Are Hiding! #12","GOVERNMENT INSTALLS SECRET KEYLOGGERS ON ALL SMARTPHONES OVERNIGHT THROUGH CELL TOWERS! Whistleblowers reveal that all mobile phone operating systems were hijacked by an automated backdoor that transmits every password directly to military servers! Share this before it gets deleted from the internet! Source confirms insider level 12 clearance leaked this shocking truth.",0
"Climate Science - Official Progress Report Part 1","National Oceanic and Atmospheric Administration Deploys New Fleet of Hurricane Hunter Drones. Autonomous uncrewed aerial systems equipped with dropsonde instruments will fly directly into eyewalls of category 4 and 5 tropical cyclones to improve storm track and intensity modeling. Additional verification data confirmed across monitoring stations in sector 10. Official regulatory filing ID: REF-2024-REP.",1
"EXPOSED: The Secret Truth About Climate Science They Are Hiding! #1","WEATHER SCIENTISTS CONFESS THEY MANUFACTURE STORMS AND HURRICANES USING TESLA COILS! Leaked military emails reveal that category 5 storms are artificially cooked up in secret offshore radar laboratories to punish specific voting districts! Share this before it gets deleted from the internet! Source confirms insider level 1 clearance leaked this shocking truth.",0
"Climate Science - Official Progress Report Part 2","National Oceanic and Atmospheric Administration Deploys New Fleet of Hurricane Hunter Drones. Autonomous uncrewed aerial systems equipped with dropsonde instruments will fly directly into eyewalls of category 4 and 5 tropical cyclones to improve storm track and intensity modeling. Additional verification data confirmed across monitoring stations in sector 11. Official regulatory filing ID: REF-2025-REP.",1
"EXPOSED: The Secret Truth About Climate Science They Are Hiding! #2","WEATHER SCIENTISTS CONFESS THEY MANUFACTURE STORMS AND HURRICANES USING TESLA COILS! Leaked military emails reveal that category 5 storms are artificially cooked up in secret offshore radar laboratories to punish specific voting districts! Share this before it gets deleted from the internet! Source confirms insider level 2 clearance leaked this shocking truth.",0
"Climate Science - Official Progress Report Part 3","National Oceanic and Atmospheric Administration Deploys New Fleet of Hurricane Hunter Drones. Autonomous uncrewed aerial systems equipped with dropsonde instruments will fly directly into eyewalls of category 4 and 5 tropical cyclones to improve storm track and intensity modeling. Additional verification data confirmed across monitoring stations in sector 12. Official regulatory filing ID: REF-2026-REP.",1
"EXPOSED: The Secret Truth About Climate Science They Are Hiding! #3","WEATHER SCIENTISTS CONFESS THEY MANUFACTURE STORMS AND HURRICANES USING TESLA COILS! Leaked military emails reveal that category 5 storms are artificially cooked up in secret offshore radar laboratories to punish specific voting districts! Share this before it gets deleted from the internet! Source confirms insider level 3 clearance leaked this shocking truth.",0
"Climate Science - Official Progress Report Part 4","National Oceanic and Atmospheric Administration Deploys New Fleet of Hurricane Hunter Drones. Autonomous uncrewed aerial systems equipped with dropsonde instruments will fly directly into eyewalls of category 4 and 5 tropical cyclones to improve storm track and intensity modeling. Additional verification data confirmed across monitoring stations in sector 13. Official regulatory filing ID: REF-2027-REP.",1
"EXPOSED: The Secret Truth About Climate Science They Are Hiding! #4","WEATHER SCIENTISTS CONFESS THEY MANUFACTURE STORMS AND HURRICANES USING TESLA COILS! Leaked military emails reveal that category 5 storms are artificially cooked up in secret offshore radar laboratories to punish specific voting districts! Share this before it gets deleted from the internet! Source confirms insider level 4 clearance leaked this shocking truth.",0
"Climate Science - Official Progress Report Part 5","National Oceanic and Atmospheric Administration Deploys New Fleet of Hurricane Hunter Drones. Autonomous uncrewed aerial systems equipped with dropsonde instruments will fly directly into eyewalls of category 4 and 5 tropical cyclones to improve storm track and intensity modeling. Additional verification data confirmed across monitoring stations in sector 14. Official regulatory filing ID: REF-2028-REP.",1
"EXPOSED: The Secret Truth About Climate Science They Are Hiding! #5","WEATHER SCIENTISTS CONFESS THEY MANUFACTURE STORMS AND HURRICANES USING TESLA COILS! Leaked military emails reveal that category 5 storms are artificially cooked up in secret offshore radar laboratories to punish specific voting districts! Share this before it gets deleted from the internet! Source confirms insider level 5 clearance leaked this shocking truth.",0
"Climate Science - Official Progress Report Part 6","National Oceanic and Atmospheric Administration Deploys New Fleet of Hurricane Hunter Drones. Autonomous uncrewed aerial systems equipped with dropsonde instruments will fly directly into eyewalls of category 4 and 5 tropical cyclones to improve storm track and intensity modeling. Additional verification data confirmed across monitoring stations in sector 15. Official regulatory filing ID: REF-2029-REP.",1
"EXPOSED: The Secret Truth About Climate Science They Are Hiding! #6","WEATHER SCIENTISTS CONFESS THEY MANUFACTURE STORMS AND HURRICANES USING TESLA COILS! Leaked military emails reveal that category 5 storms are artificially cooked up in secret offshore radar laboratories to punish specific voting districts! Share this before it gets deleted from the internet! Source confirms insider level 6 clearance leaked this shocking truth.",0
"Climate Science - Official Progress Report Part 7","National Oceanic and Atmospheric Administration Deploys New Fleet of Hurricane Hunter Drones. Autonomous uncrewed aerial systems equipped with dropsonde instruments will fly directly into eyewalls of category 4 and 5 tropical cyclones to improve storm track and intensity modeling. Additional verification data confirmed across monitoring stations in sector 16. Official regulatory filing ID: REF-2030-REP.",1
"EXPOSED: The Secret Truth About Climate Science They Are Hiding! #7","WEATHER SCIENTISTS CONFESS THEY MANUFACTURE STORMS AND HURRICANES USING TESLA COILS! Leaked military emails reveal that category 5 storms are artificially cooked up in secret offshore radar laboratories to punish specific voting districts! Share this before it gets deleted from the internet! Source confirms insider level 7 clearance leaked this shocking truth.",0
"Climate Science - Official Progress Report Part 8","National Oceanic and Atmospheric Administration Deploys New Fleet of Hurricane Hunter Drones. Autonomous uncrewed aerial systems equipped with dropsonde instruments will fly directly into eyewalls of category 4 and 5 tropical cyclones to improve storm track and intensity modeling. Additional verification data confirmed across monitoring stations in sector 17. Official regulatory filing ID: REF-2031-REP.",1
"EXPOSED: The Secret Truth About Climate Science They Are Hiding! #8","WEATHER SCIENTISTS CONFESS THEY MANUFACTURE STORMS AND HURRICANES USING TESLA COILS! Leaked military emails reveal that category 5 storms are artificially cooked up in secret offshore radar laboratories to punish specific voting districts! Share this before it gets deleted from the internet! Source confirms insider level 8 clearance leaked this shocking truth.",0
"Climate Science - Official Progress Report Part 9","National Oceanic and Atmospheric Administration Deploys New Fleet of Hurricane Hunter Drones. Autonomous uncrewed aerial systems equipped with dropsonde instruments will fly directly into eyewalls of category 4 and 5 tropical cyclones to improve storm track and intensity modeling. Additional verification data confirmed across monitoring stations in sector 18. Official regulatory filing ID: REF-2032-REP.",1
"EXPOSED: The Secret Truth About Climate Science They Are Hiding! #9","WEATHER SCIENTISTS CONFESS THEY MANUFACTURE STORMS AND HURRICANES USING TESLA COILS! Leaked military emails reveal that category 5 storms are artificially cooked up in secret offshore radar laboratories to punish specific voting districts! Share this before it gets deleted from the internet! Source confirms insider level 9 clearance leaked this shocking truth.",0
"Climate Science - Official Progress Report Part 10","National Oceanic and Atmospheric Administration Deploys New Fleet of Hurricane Hunter Drones. Autonomous uncrewed aerial systems equipped with dropsonde instruments will fly directly into eyewalls of category 4 and 5 tropical cyclones to improve storm track and intensity modeling. Additional verification data confirmed across monitoring stations in sector 19. Official regulatory filing ID: REF-2033-REP.",1
"EXPOSED: The Secret Truth About Climate Science They Are Hiding! #10","WEATHER SCIENTISTS CONFESS THEY MANUFACTURE STORMS AND HURRICANES USING TESLA COILS! Leaked military emails reveal that category 5 storms are artificially cooked up in secret offshore radar laboratories to punish specific voting districts! Share this before it gets deleted from the internet! Source confirms insider level 10 clearance leaked this shocking truth.",0
"Climate Science - Official Progress Report Part 11","National Oceanic and Atmospheric Administration Deploys New Fleet of Hurricane Hunter Drones. Autonomous uncrewed aerial systems equipped with dropsonde instruments will fly directly into eyewalls of category 4 and 5 tropical cyclones to improve storm track and intensity modeling. Additional verification data confirmed across monitoring stations in sector 20. Official regulatory filing ID: REF-2034-REP.",1
"EXPOSED: The Secret Truth About Climate Science They Are Hiding! #11","WEATHER SCIENTISTS CONFESS THEY MANUFACTURE STORMS AND HURRICANES USING TESLA COILS! Leaked military emails reveal that category 5 storms are artificially cooked up in secret offshore radar laboratories to punish specific voting districts! Share this before it gets deleted from the internet! Source confirms insider level 11 clearance leaked this shocking truth.",0
"Climate Science - Official Progress Report Part 12","National Oceanic and Atmospheric Administration Deploys New Fleet of Hurricane Hunter Drones. Autonomous uncrewed aerial systems equipped with dropsonde instruments will fly directly into eyewalls of category 4 and 5 tropical cyclones to improve storm track and intensity modeling. Additional verification data confirmed across monitoring stations in sector 21. Official regulatory filing ID: REF-2035-REP.",1
"EXPOSED: The Secret Truth About Climate Science They Are Hiding! #12","WEATHER SCIENTISTS CONFESS THEY MANUFACTURE STORMS AND HURRICANES USING TESLA COILS! Leaked military emails reveal that category 5 storms are artificially cooked up in secret offshore radar laboratories to punish specific voting districts! Share this before it gets deleted from the internet! Source confirms insider level 12 clearance leaked this shocking truth.",0
"Agriculture - Official Progress Report Part 1","Agricultural University Develops Drought-Tolerant Chickpea Cultivar to Boost Dryland Yields. Field trials conducted over three harvesting seasons showed the new variety produced 22% higher yields under water-stressed conditions while retaining standard protein and nutrient profiles. Additional verification data confirmed across monitoring stations in sector 10. Official regulatory filing ID: REF-2024-REP.",1
"EXPOSED: The Secret Truth About Agriculture They Are Hiding! #1","SCIENTISTS DISCOVER VEGETABLES IN SUPERMARKETS ARE MADE OF LIQUID PETROLEUM PLASTIC! Shocking consumer test shows carrots and broccoli bought at grocery stores do not rot because they are 3D-printed from synthetic plastic polymers! Share this before it gets deleted from the internet! Source confirms insider level 1 clearance leaked this shocking truth.",0
"Agriculture - Official Progress Report Part 2","Agricultural University Develops Drought-Tolerant Chickpea Cultivar to Boost Dryland Yields. Field trials conducted over three harvesting seasons showed the new variety produced 22% higher yields under water-stressed conditions while retaining standard protein and nutrient profiles. Additional verification data confirmed across monitoring stations in sector 11. Official regulatory filing ID: REF-2025-REP.",1
"EXPOSED: The Secret Truth About Agriculture They Are Hiding! #2","SCIENTISTS DISCOVER VEGETABLES IN SUPERMARKETS ARE MADE OF LIQUID PETROLEUM PLASTIC! Shocking consumer test shows carrots and broccoli bought at grocery stores do not rot because they are 3D-printed from synthetic plastic polymers! Share this before it gets deleted from the internet! Source confirms insider level 2 clearance leaked this shocking truth.",0
"Agriculture - Official Progress Report Part 3","Agricultural University Develops Drought-Tolerant Chickpea Cultivar to Boost Dryland Yields. Field trials conducted over three harvesting seasons showed the new variety produced 22% higher yields under water-stressed conditions while retaining standard protein and nutrient profiles. Additional verification data confirmed across monitoring stations in sector 12. Official regulatory filing ID: REF-2026-REP.",1
"EXPOSED: The Secret Truth About Agriculture They Are Hiding! #3","SCIENTISTS DISCOVER VEGETABLES IN SUPERMARKETS ARE MADE OF LIQUID PETROLEUM PLASTIC! Shocking consumer test shows carrots and broccoli bought at grocery stores do not rot because they are 3D-printed from synthetic plastic polymers! Share this before it gets deleted from the internet! Source confirms insider level 3 clearance leaked this shocking truth.",0
"Agriculture - Official Progress Report Part 4","Agricultural University Develops Drought-Tolerant Chickpea Cultivar to Boost Dryland Yields. Field trials conducted over three harvesting seasons showed the new variety produced 22% higher yields under water-stressed conditions while retaining standard protein and nutrient profiles. Additional verification data confirmed across monitoring stations in sector 13. Official regulatory filing ID: REF-2027-REP.",1
"EXPOSED: The Secret Truth About Agriculture They Are Hiding! #4","SCIENTISTS DISCOVER VEGETABLES IN SUPERMARKETS ARE MADE OF LIQUID PETROLEUM PLASTIC! Shocking consumer test shows carrots and broccoli bought at grocery stores do not rot because they are 3D-printed from synthetic plastic polymers! Share this before it gets deleted from the internet! Source confirms insider level 4 clearance leaked this shocking truth.",0
"Agriculture - Official Progress Report Part 5","Agricultural University Develops Drought-Tolerant Chickpea Cultivar to Boost Dryland Yields. Field trials conducted over three harvesting seasons showed the new variety produced 22% higher yields under water-stressed conditions while retaining standard protein and nutrient profiles. Additional verification data confirmed across monitoring stations in sector 14. Official regulatory filing ID: REF-2028-REP.",1
"EXPOSED: The Secret Truth About Agriculture They Are Hiding! #5","SCIENTISTS DISCOVER VEGETABLES IN SUPERMARKETS ARE MADE OF LIQUID PETROLEUM PLASTIC! Shocking consumer test shows carrots and broccoli bought at grocery stores do not rot because they are 3D-printed from synthetic plastic polymers! Share this before it gets deleted from the internet! Source confirms insider level 5 clearance leaked this shocking truth.",0
"Agriculture - Official Progress Report Part 6","Agricultural University Develops Drought-Tolerant Chickpea Cultivar to Boost Dryland Yields. Field trials conducted over three harvesting seasons showed the new variety produced 22% higher yields under water-stressed conditions while retaining standard protein and nutrient profiles. Additional verification data confirmed across monitoring stations in sector 15. Official regulatory filing ID: REF-2029-REP.",1
"EXPOSED: The Secret Truth About Agriculture They Are Hiding! #6","SCIENTISTS DISCOVER VEGETABLES IN SUPERMARKETS ARE MADE OF LIQUID PETROLEUM PLASTIC! Shocking consumer test shows carrots and broccoli bought at grocery stores do not rot because they are 3D-printed from synthetic plastic polymers! Share this before it gets deleted from the internet! Source confirms insider level 6 clearance leaked this shocking truth.",0
"Agriculture - Official Progress Report Part 7","Agricultural University Develops Drought-Tolerant Chickpea Cultivar to Boost Dryland Yields. Field trials conducted over three harvesting seasons showed the new variety produced 22% higher yields under water-stressed conditions while retaining standard protein and nutrient profiles. Additional verification data confirmed across monitoring stations in sector 16. Official regulatory filing ID: REF-2030-REP.",1
"EXPOSED: The Secret Truth About Agriculture They Are Hiding! #7","SCIENTISTS DISCOVER VEGETABLES IN SUPERMARKETS ARE MADE OF LIQUID PETROLEUM PLASTIC! Shocking consumer test shows carrots and broccoli bought at grocery stores do not rot because they are 3D-printed from synthetic plastic polymers! Share this before it gets deleted from the internet! Source confirms insider level 7 clearance leaked this shocking truth.",0
"Agriculture - Official Progress Report Part 8","Agricultural University Develops Drought-Tolerant Chickpea Cultivar to Boost Dryland Yields. Field trials conducted over three harvesting seasons showed the new variety produced 22% higher yields under water-stressed conditions while retaining standard protein and nutrient profiles. Additional verification data confirmed across monitoring stations in sector 17. Official regulatory filing ID: REF-2031-REP.",1
"EXPOSED: The Secret Truth About Agriculture They Are Hiding! #8","SCIENTISTS DISCOVER VEGETABLES IN SUPERMARKETS ARE MADE OF LIQUID PETROLEUM PLASTIC! Shocking consumer test shows carrots and broccoli bought at grocery stores do not rot because they are 3D-printed from synthetic plastic polymers! Share this before it gets deleted from the internet! Source confirms insider level 8 clearance leaked this shocking truth.",0
"Agriculture - Official Progress Report Part 9","Agricultural University Develops Drought-Tolerant Chickpea Cultivar to Boost Dryland Yields. Field trials conducted over three harvesting seasons showed the new variety produced 22% higher yields under water-stressed conditions while retaining standard protein and nutrient profiles. Additional verification data confirmed across monitoring stations in sector 18. Official regulatory filing ID: REF-2032-REP.",1
"EXPOSED: The Secret Truth About Agriculture They Are Hiding! #9","SCIENTISTS DISCOVER VEGETABLES IN SUPERMARKETS ARE MADE OF LIQUID PETROLEUM PLASTIC! Shocking consumer test shows carrots and broccoli bought at grocery stores do not rot because they are 3D-printed from synthetic plastic polymers! Share this before it gets deleted from the internet! Source confirms insider level 9 clearance leaked this shocking truth.",0
"Agriculture - Official Progress Report Part 10","Agricultural University Develops Drought-Tolerant Chickpea Cultivar to Boost Dryland Yields. Field trials conducted over three harvesting seasons showed the new variety produced 22% higher yields under water-stressed conditions while retaining standard protein and nutrient profiles. Additional verification data confirmed across monitoring stations in sector 19. Official regulatory filing ID: REF-2033-REP.",1
"EXPOSED: The Secret Truth About Agriculture They Are Hiding! #10","SCIENTISTS DISCOVER VEGETABLES IN SUPERMARKETS ARE MADE OF LIQUID PETROLEUM PLASTIC! Shocking consumer test shows carrots and broccoli bought at grocery stores do not rot because they are 3D-printed from synthetic plastic polymers! Share this before it gets deleted from the internet! Source confirms insider level 10 clearance leaked this shocking truth.",0
"Agriculture - Official Progress Report Part 11","Agricultural University Develops Drought-Tolerant Chickpea Cultivar to Boost Dryland Yields. Field trials conducted over three harvesting seasons showed the new variety produced 22% higher yields under water-stressed conditions while retaining standard protein and nutrient profiles. Additional verification data confirmed across monitoring stations in sector 20. Official regulatory filing ID: REF-2034-REP.",1
"EXPOSED: The Secret Truth About Agriculture They Are Hiding! #11","SCIENTISTS DISCOVER VEGETABLES IN SUPERMARKETS ARE MADE OF LIQUID PETROLEUM PLASTIC! Shocking consumer test shows carrots and broccoli bought at grocery stores do not rot because they are 3D-printed from synthetic plastic polymers! Share this before it gets deleted from the internet! Source confirms insider level 11 clearance leaked this shocking truth.",0
"Agriculture - Official Progress Report Part 12","Agricultural University Develops Drought-Tolerant Chickpea Cultivar to Boost Dryland Yields. Field trials conducted over three harvesting seasons showed the new variety produced 22% higher yields under water-stressed conditions while retaining standard protein and nutrient profiles. Additional verification data confirmed across monitoring stations in sector 21. Official regulatory filing ID: REF-2035-REP.",1
"EXPOSED: The Secret Truth About Agriculture They Are Hiding! #12","SCIENTISTS DISCOVER VEGETABLES IN SUPERMARKETS ARE MADE OF LIQUID PETROLEUM PLASTIC! Shocking consumer test shows carrots and broccoli bought at grocery stores do not rot because they are 3D-printed from synthetic plastic polymers! Share this before it gets deleted from the internet! Source confirms insider level 12 clearance leaked this shocking truth.",0
"Education - Official Progress Report Part 1","Ministry of Education Allocates Grant for Rural STEM Labs and Digital Classrooms. The infrastructure funding will equip five thousand secondary schools with high-speed broadband, robotic kits, and interactive digital science modules. Additional verification data confirmed across monitoring stations in sector 10. Official regulatory filing ID: REF-2024-REP.",1
"EXPOSED: The Secret Truth About Education They Are Hiding! #1","NEW LAW BANS TEACHING MATHEMATICS AND PUNISHES READING WITH PRISON SENTENCE! Secret legislative committee votes to outlaw arithmetic and algebra in all primary schools to prevent future generations from calculating government taxes! Share this before it gets deleted from the internet! Source confirms insider level 1 clearance leaked this shocking truth.",0
"Education - Official Progress Report Part 2","Ministry of Education Allocates Grant for Rural STEM Labs and Digital Classrooms. The infrastructure funding will equip five thousand secondary schools with high-speed broadband, robotic kits, and interactive digital science modules. Additional verification data confirmed across monitoring stations in sector 11. Official regulatory filing ID: REF-2025-REP.",1
"EXPOSED: The Secret Truth About Education They Are Hiding! #2","NEW LAW BANS TEACHING MATHEMATICS AND PUNISHES READING WITH PRISON SENTENCE! Secret legislative committee votes to outlaw arithmetic and algebra in all primary schools to prevent future generations from calculating government taxes! Share this before it gets deleted from the internet! Source confirms insider level 2 clearance leaked this shocking truth.",0
"Education - Official Progress Report Part 3","Ministry of Education Allocates Grant for Rural STEM Labs and Digital Classrooms. The infrastructure funding will equip five thousand secondary schools with high-speed broadband, robotic kits, and interactive digital science modules. Additional verification data confirmed across monitoring stations in sector 12. Official regulatory filing ID: REF-2026-REP.",1
"EXPOSED: The Secret Truth About Education They Are Hiding! #3","NEW LAW BANS TEACHING MATHEMATICS AND PUNISHES READING WITH PRISON SENTENCE! Secret legislative committee votes to outlaw arithmetic and algebra in all primary schools to prevent future generations from calculating government taxes! Share this before it gets deleted from the internet! Source confirms insider level 3 clearance leaked this shocking truth.",0
"Education - Official Progress Report Part 4","Ministry of Education Allocates Grant for Rural STEM Labs and Digital Classrooms. The infrastructure funding will equip five thousand secondary schools with high-speed broadband, robotic kits, and interactive digital science modules. Additional verification data confirmed across monitoring stations in sector 13. Official regulatory filing ID: REF-2027-REP.",1
"EXPOSED: The Secret Truth About Education They Are Hiding! #4","NEW LAW BANS TEACHING MATHEMATICS AND PUNISHES READING WITH PRISON SENTENCE! Secret legislative committee votes to outlaw arithmetic and algebra in all primary schools to prevent future generations from calculating government taxes! Share this before it gets deleted from the internet! Source confirms insider level 4 clearance leaked this shocking truth.",0
"Education - Official Progress Report Part 5","Ministry of Education Allocates Grant for Rural STEM Labs and Digital Classrooms. The infrastructure funding will equip five thousand secondary schools with high-speed broadband, robotic kits, and interactive digital science modules. Additional verification data confirmed across monitoring stations in sector 14. Official regulatory filing ID: REF-2028-REP.",1
"EXPOSED: The Secret Truth About Education They Are Hiding! #5","NEW LAW BANS TEACHING MATHEMATICS AND PUNISHES READING WITH PRISON SENTENCE! Secret legislative committee votes to outlaw arithmetic and algebra in all primary schools to prevent future generations from calculating government taxes! Share this before it gets deleted from the internet! Source confirms insider level 5 clearance leaked this shocking truth.",0
"Education - Official Progress Report Part 6","Ministry of Education Allocates Grant for Rural STEM Labs and Digital Classrooms. The infrastructure funding will equip five thousand secondary schools with high-speed broadband, robotic kits, and interactive digital science modules. Additional verification data confirmed across monitoring stations in sector 15. Official regulatory filing ID: REF-2029-REP.",1
"EXPOSED: The Secret Truth About Education They Are Hiding! #6","NEW LAW BANS TEACHING MATHEMATICS AND PUNISHES READING WITH PRISON SENTENCE! Secret legislative committee votes to outlaw arithmetic and algebra in all primary schools to prevent future generations from calculating government taxes! Share this before it gets deleted from the internet! Source confirms insider level 6 clearance leaked this shocking truth.",0
"Education - Official Progress Report Part 7","Ministry of Education Allocates Grant for Rural STEM Labs and Digital Classrooms. The infrastructure funding will equip five thousand secondary schools with high-speed broadband, robotic kits, and interactive digital science modules. Additional verification data confirmed across monitoring stations in sector 16. Official regulatory filing ID: REF-2030-REP.",1
"EXPOSED: The Secret Truth About Education They Are Hiding! #7","NEW LAW BANS TEACHING MATHEMATICS AND PUNISHES READING WITH PRISON SENTENCE! Secret legislative committee votes to outlaw arithmetic and algebra in all primary schools to prevent future generations from calculating government taxes! Share this before it gets deleted from the internet! Source confirms insider level 7 clearance leaked this shocking truth.",0
"Education - Official Progress Report Part 8","Ministry of Education Allocates Grant for Rural STEM Labs and Digital Classrooms. The infrastructure funding will equip five thousand secondary schools with high-speed broadband, robotic kits, and interactive digital science modules. Additional verification data confirmed across monitoring stations in sector 17. Official regulatory filing ID: REF-2031-REP.",1
"EXPOSED: The Secret Truth About Education They Are Hiding! #8","NEW LAW BANS TEACHING MATHEMATICS AND PUNISHES READING WITH PRISON SENTENCE! Secret legislative committee votes to outlaw arithmetic and algebra in all primary schools to prevent future generations from calculating government taxes! Share this before it gets deleted from the internet! Source confirms insider level 8 clearance leaked this shocking truth.",0
"Education - Official Progress Report Part 9","Ministry of Education Allocates Grant for Rural STEM Labs and Digital Classrooms. The infrastructure funding will equip five thousand secondary schools with high-speed broadband, robotic kits, and interactive digital science modules. Additional verification data confirmed across monitoring stations in sector 18. Official regulatory filing ID: REF-2032-REP.",1
"EXPOSED: The Secret Truth About Education They Are Hiding! #9","NEW LAW BANS TEACHING MATHEMATICS AND PUNISHES READING WITH PRISON SENTENCE! Secret legislative committee votes to outlaw arithmetic and algebra in all primary schools to prevent future generations from calculating government taxes! Share this before it gets deleted from the internet! Source confirms insider level 9 clearance leaked this shocking truth.",0
"Education - Official Progress Report Part 10","Ministry of Education Allocates Grant for Rural STEM Labs and Digital Classrooms. The infrastructure funding will equip five thousand secondary schools with high-speed broadband, robotic kits, and interactive digital science modules. Additional verification data confirmed across monitoring stations in sector 19. Official regulatory filing ID: REF-2033-REP.",1
"EXPOSED: The Secret Truth About Education They Are Hiding! #10","NEW LAW BANS TEACHING MATHEMATICS AND PUNISHES READING WITH PRISON SENTENCE! Secret legislative committee votes to outlaw arithmetic and algebra in all primary schools to prevent future generations from calculating government taxes! Share this before it gets deleted from the internet! Source confirms insider level 10 clearance leaked this shocking truth.",0
"Education - Official Progress Report Part 11","Ministry of Education Allocates Grant for Rural STEM Labs and Digital Classrooms. The infrastructure funding will equip five thousand secondary schools with high-speed broadband, robotic kits, and interactive digital science modules. Additional verification data confirmed across monitoring stations in sector 20. Official regulatory filing ID: REF-2034-REP.",1
"EXPOSED: The Secret Truth About Education They Are Hiding! #11","NEW LAW BANS TEACHING MATHEMATICS AND PUNISHES READING WITH PRISON SENTENCE! Secret legislative committee votes to outlaw arithmetic and algebra in all primary schools to prevent future generations from calculating government taxes! Share this before it gets deleted from the internet! Source confirms insider level 11 clearance leaked this shocking truth.",0
"Education - Official Progress Report Part 12","Ministry of Education Allocates Grant for Rural STEM Labs and Digital Classrooms. The infrastructure funding will equip five thousand secondary schools with high-speed broadband, robotic kits, and interactive digital science modules. Additional verification data confirmed across monitoring stations in sector 21. Official regulatory filing ID: REF-2035-REP.",1
"EXPOSED: The Secret Truth About Education They Are Hiding! #12","NEW LAW BANS TEACHING MATHEMATICS AND PUNISHES READING WITH PRISON SENTENCE! Secret legislative committee votes to outlaw arithmetic and algebra in all primary schools to prevent future generations from calculating government taxes! Share this before it gets deleted from the internet! Source confirms insider level 12 clearance leaked this shocking truth.",0
"Astronomy - Official Progress Report Part 1","Astronomers Detect Repeating Fast Radio Burst from Magnetar in Nearby Spiral Galaxy. Observations with the CHIME radio telescope captured millisecond-duration coherent radio flashes, shedding light on the ultra-strong magnetic fields of neutron stars. Additional verification data confirmed across monitoring stations in sector 10. Official regulatory filing ID: REF-2024-REP.",1
"EXPOSED: The Secret Truth About Astronomy They Are Hiding! #1","NASA CONFIRMS A GIANT ROGUE PLANET IS HEADING DIRECTLY TOWARDS EARTH TO DESTROY IT NEXT TUESDAY! Government leaders are fleeing to deep underground bunkers while hiding the catastrophic collision from the general public! Share this before it gets deleted from the internet! Source confirms insider level 1 clearance leaked this shocking truth.",0
"Astronomy - Official Progress Report Part 2","Astronomers Detect Repeating Fast Radio Burst from Magnetar in Nearby Spiral Galaxy. Observations with the CHIME radio telescope captured millisecond-duration coherent radio flashes, shedding light on the ultra-strong magnetic fields of neutron stars. Additional verification data confirmed across monitoring stations in sector 11. Official regulatory filing ID: REF-2025-REP.",1
"EXPOSED: The Secret Truth About Astronomy They Are Hiding! #2","NASA CONFIRMS A GIANT ROGUE PLANET IS HEADING DIRECTLY TOWARDS EARTH TO DESTROY IT NEXT TUESDAY! Government leaders are fleeing to deep underground bunkers while hiding the catastrophic collision from the general public! Share this before it gets deleted from the internet! Source confirms insider level 2 clearance leaked this shocking truth.",0
"Astronomy - Official Progress Report Part 3","Astronomers Detect Repeating Fast Radio Burst from Magnetar in Nearby Spiral Galaxy. Observations with the CHIME radio telescope captured millisecond-duration coherent radio flashes, shedding light on the ultra-strong magnetic fields of neutron stars. Additional verification data confirmed across monitoring stations in sector 12. Official regulatory filing ID: REF-2026-REP.",1
"EXPOSED: The Secret Truth About Astronomy They Are Hiding! #3","NASA CONFIRMS A GIANT ROGUE PLANET IS HEADING DIRECTLY TOWARDS EARTH TO DESTROY IT NEXT TUESDAY! Government leaders are fleeing to deep underground bunkers while hiding the catastrophic collision from the general public! Share this before it gets deleted from the internet! Source confirms insider level 3 clearance leaked this shocking truth.",0
"Astronomy - Official Progress Report Part 4","Astronomers Detect Repeating Fast Radio Burst from Magnetar in Nearby Spiral Galaxy. Observations with the CHIME radio telescope captured millisecond-duration coherent radio flashes, shedding light on the ultra-strong magnetic fields of neutron stars. Additional verification data confirmed across monitoring stations in sector 13. Official regulatory filing ID: REF-2027-REP.",1
"EXPOSED: The Secret Truth About Astronomy They Are Hiding! #4","NASA CONFIRMS A GIANT ROGUE PLANET IS HEADING DIRECTLY TOWARDS EARTH TO DESTROY IT NEXT TUESDAY! Government leaders are fleeing to deep underground bunkers while hiding the catastrophic collision from the general public! Share this before it gets deleted from the internet! Source confirms insider level 4 clearance leaked this shocking truth.",0
"Astronomy - Official Progress Report Part 5","Astronomers Detect Repeating Fast Radio Burst from Magnetar in Nearby Spiral Galaxy. Observations with the CHIME radio telescope captured millisecond-duration coherent radio flashes, shedding light on the ultra-strong magnetic fields of neutron stars. Additional verification data confirmed across monitoring stations in sector 14. Official regulatory filing ID: REF-2028-REP.",1
"EXPOSED: The Secret Truth About Astronomy They Are Hiding! #5","NASA CONFIRMS A GIANT ROGUE PLANET IS HEADING DIRECTLY TOWARDS EARTH TO DESTROY IT NEXT TUESDAY! Government leaders are fleeing to deep underground bunkers while hiding the catastrophic collision from the general public! Share this before it gets deleted from the internet! Source confirms insider level 5 clearance leaked this shocking truth.",0
"Astronomy - Official Progress Report Part 6","Astronomers Detect Repeating Fast Radio Burst from Magnetar in Nearby Spiral Galaxy. Observations with the CHIME radio telescope captured millisecond-duration coherent radio flashes, shedding light on the ultra-strong magnetic fields of neutron stars. Additional verification data confirmed across monitoring stations in sector 15. Official regulatory filing ID: REF-2029-REP.",1
"EXPOSED: The Secret Truth About Astronomy They Are Hiding! #6","NASA CONFIRMS A GIANT ROGUE PLANET IS HEADING DIRECTLY TOWARDS EARTH TO DESTROY IT NEXT TUESDAY! Government leaders are fleeing to deep underground bunkers while hiding the catastrophic collision from the general public! Share this before it gets deleted from the internet! Source confirms insider level 6 clearance leaked this shocking truth.",0
"Astronomy - Official Progress Report Part 7","Astronomers Detect Repeating Fast Radio Burst from Magnetar in Nearby Spiral Galaxy. Observations with the CHIME radio telescope captured millisecond-duration coherent radio flashes, shedding light on the ultra-strong magnetic fields of neutron stars. Additional verification data confirmed across monitoring stations in sector 16. Official regulatory filing ID: REF-2030-REP.",1
"EXPOSED: The Secret Truth About Astronomy They Are Hiding! #7","NASA CONFIRMS A GIANT ROGUE PLANET IS HEADING DIRECTLY TOWARDS EARTH TO DESTROY IT NEXT TUESDAY! Government leaders are fleeing to deep underground bunkers while hiding the catastrophic collision from the general public! Share this before it gets deleted from the internet! Source confirms insider level 7 clearance leaked this shocking truth.",0
"Astronomy - Official Progress Report Part 8","Astronomers Detect Repeating Fast Radio Burst from Magnetar in Nearby Spiral Galaxy. Observations with the CHIME radio telescope captured millisecond-duration coherent radio flashes, shedding light on the ultra-strong magnetic fields of neutron stars. Additional verification data confirmed across monitoring stations in sector 17. Official regulatory filing ID: REF-2031-REP.",1
"EXPOSED: The Secret Truth About Astronomy They Are Hiding! #8","NASA CONFIRMS A GIANT ROGUE PLANET IS HEADING DIRECTLY TOWARDS EARTH TO DESTROY IT NEXT TUESDAY! Government leaders are fleeing to deep underground bunkers while hiding the catastrophic collision from the general public! Share this before it gets deleted from the internet! Source confirms insider level 8 clearance leaked this shocking truth.",0
"Astronomy - Official Progress Report Part 9","Astronomers Detect Repeating Fast Radio Burst from Magnetar in Nearby Spiral Galaxy. Observations with the CHIME radio telescope captured millisecond-duration coherent radio flashes, shedding light on the ultra-strong magnetic fields of neutron stars. Additional verification data confirmed across monitoring stations in sector 18. Official regulatory filing ID: REF-2032-REP.",1
"EXPOSED: The Secret Truth About Astronomy They Are Hiding! #9","NASA CONFIRMS A GIANT ROGUE PLANET IS HEADING DIRECTLY TOWARDS EARTH TO DESTROY IT NEXT TUESDAY! Government leaders are fleeing to deep underground bunkers while hiding the catastrophic collision from the general public! Share this before it gets deleted from the internet! Source confirms insider level 9 clearance leaked this shocking truth.",0
"Astronomy - Official Progress Report Part 10","Astronomers Detect Repeating Fast Radio Burst from Magnetar in Nearby Spiral Galaxy. Observations with the CHIME radio telescope captured millisecond-duration coherent radio flashes, shedding light on the ultra-strong magnetic fields of neutron stars. Additional verification data confirmed across monitoring stations in sector 19. Official regulatory filing ID: REF-2033-REP.",1
"EXPOSED: The Secret Truth About Astronomy They Are Hiding! #10","NASA CONFIRMS A GIANT ROGUE PLANET IS HEADING DIRECTLY TOWARDS EARTH TO DESTROY IT NEXT TUESDAY! Government leaders are fleeing to deep underground bunkers while hiding the catastrophic collision from the general public! Share this before it gets deleted from the internet! Source confirms insider level 10 clearance leaked this shocking truth.",0
"Astronomy - Official Progress Report Part 11","Astronomers Detect Repeating Fast Radio Burst from Magnetar in Nearby Spiral Galaxy. Observations with the CHIME radio telescope captured millisecond-duration coherent radio flashes, shedding light on the ultra-strong magnetic fields of neutron stars. Additional verification data confirmed across monitoring stations in sector 20. Official regulatory filing ID: REF-2034-REP.",1
"EXPOSED: The Secret Truth About Astronomy They Are Hiding! #11","NASA CONFIRMS A GIANT ROGUE PLANET IS HEADING DIRECTLY TOWARDS EARTH TO DESTROY IT NEXT TUESDAY! Government leaders are fleeing to deep underground bunkers while hiding the catastrophic collision from the general public! Share this before it gets deleted from the internet! Source confirms insider level 11 clearance leaked this shocking truth.",0
"Astronomy - Official Progress Report Part 12","Astronomers Detect Repeating Fast Radio Burst from Magnetar in Nearby Spiral Galaxy. Observations with the CHIME radio telescope captured millisecond-duration coherent radio flashes, shedding light on the ultra-strong magnetic fields of neutron stars. Additional verification data confirmed across monitoring stations in sector 21. Official regulatory filing ID: REF-2035-REP.",1
"EXPOSED: The Secret Truth About Astronomy They Are Hiding! #12","NASA CONFIRMS A GIANT ROGUE PLANET IS HEADING DIRECTLY TOWARDS EARTH TO DESTROY IT NEXT TUESDAY! Government leaders are fleeing to deep underground bunkers while hiding the catastrophic collision from the general public! Share this before it gets deleted from the internet! Source confirms insider level 12 clearance leaked this shocking truth.",0
"Public Health - Official Progress Report Part 1","Public Health Agencies Expand Community Clean Water Sanitation and Fluoride Monitoring. Rigorous water quality testing across municipal reservoirs confirmed compliance with national safety thresholds for heavy metals and chemical contaminants. Additional verification data confirmed across monitoring stations in sector 10. Official regulatory filing ID: REF-2024-REP.",1
"EXPOSED: The Secret Truth About Public Health They Are Hiding! #1","MUNICIPAL WATER CONTAINS MIND-NUMBING CHEMICALS THAT FORCE VOTERS TO OBEY AUTHORITIES! Independent laboratory claims local tap water has been treated with psychoactive tranquilizers designed to make citizens incapable of critical thought! Share this before it gets deleted from the internet! Source confirms insider level 1 clearance leaked this shocking truth.",0
"Public Health - Official Progress Report Part 2","Public Health Agencies Expand Community Clean Water Sanitation and Fluoride Monitoring. Rigorous water quality testing across municipal reservoirs confirmed compliance with national safety thresholds for heavy metals and chemical contaminants. Additional verification data confirmed across monitoring stations in sector 11. Official regulatory filing ID: REF-2025-REP.",1
"EXPOSED: The Secret Truth About Public Health They Are Hiding! #2","MUNICIPAL WATER CONTAINS MIND-NUMBING CHEMICALS THAT FORCE VOTERS TO OBEY AUTHORITIES! Independent laboratory claims local tap water has been treated with psychoactive tranquilizers designed to make citizens incapable of critical thought! Share this before it gets deleted from the internet! Source confirms insider level 2 clearance leaked this shocking truth.",0
"Public Health - Official Progress Report Part 3","Public Health Agencies Expand Community Clean Water Sanitation and Fluoride Monitoring. Rigorous water quality testing across municipal reservoirs confirmed compliance with national safety thresholds for heavy metals and chemical contaminants. Additional verification data confirmed across monitoring stations in sector 12. Official regulatory filing ID: REF-2026-REP.",1
"EXPOSED: The Secret Truth About Public Health They Are Hiding! #3","MUNICIPAL WATER CONTAINS MIND-NUMBING CHEMICALS THAT FORCE VOTERS TO OBEY AUTHORITIES! Independent laboratory claims local tap water has been treated with psychoactive tranquilizers designed to make citizens incapable of critical thought! Share this before it gets deleted from the internet! Source confirms insider level 3 clearance leaked this shocking truth.",0
"Public Health - Official Progress Report Part 4","Public Health Agencies Expand Community Clean Water Sanitation and Fluoride Monitoring. Rigorous water quality testing across municipal reservoirs confirmed compliance with national safety thresholds for heavy metals and chemical contaminants. Additional verification data confirmed across monitoring stations in sector 13. Official regulatory filing ID: REF-2027-REP.",1
"EXPOSED: The Secret Truth About Public Health They Are Hiding! #4","MUNICIPAL WATER CONTAINS MIND-NUMBING CHEMICALS THAT FORCE VOTERS TO OBEY AUTHORITIES! Independent laboratory claims local tap water has been treated with psychoactive tranquilizers designed to make citizens incapable of critical thought! Share this before it gets deleted from the internet! Source confirms insider level 4 clearance leaked this shocking truth.",0
"Public Health - Official Progress Report Part 5","Public Health Agencies Expand Community Clean Water Sanitation and Fluoride Monitoring. Rigorous water quality testing across municipal reservoirs confirmed compliance with national safety thresholds for heavy metals and chemical contaminants. Additional verification data confirmed across monitoring stations in sector 14. Official regulatory filing ID: REF-2028-REP.",1
"EXPOSED: The Secret Truth About Public Health They Are Hiding! #5","MUNICIPAL WATER CONTAINS MIND-NUMBING CHEMICALS THAT FORCE VOTERS TO OBEY AUTHORITIES! Independent laboratory claims local tap water has been treated with psychoactive tranquilizers designed to make citizens incapable of critical thought! Share this before it gets deleted from the internet! Source confirms insider level 5 clearance leaked this shocking truth.",0
"Public Health - Official Progress Report Part 6","Public Health Agencies Expand Community Clean Water Sanitation and Fluoride Monitoring. Rigorous water quality testing across municipal reservoirs confirmed compliance with national safety thresholds for heavy metals and chemical contaminants. Additional verification data confirmed across monitoring stations in sector 15. Official regulatory filing ID: REF-2029-REP.",1
"EXPOSED: The Secret Truth About Public Health They Are Hiding! #6","MUNICIPAL WATER CONTAINS MIND-NUMBING CHEMICALS THAT FORCE VOTERS TO OBEY AUTHORITIES! Independent laboratory claims local tap water has been treated with psychoactive tranquilizers designed to make citizens incapable of critical thought! Share this before it gets deleted from the internet! Source confirms insider level 6 clearance leaked this shocking truth.",0
"Public Health - Official Progress Report Part 7","Public Health Agencies Expand Community Clean Water Sanitation and Fluoride Monitoring. Rigorous water quality testing across municipal reservoirs confirmed compliance with national safety thresholds for heavy metals and chemical contaminants. Additional verification data confirmed across monitoring stations in sector 16. Official regulatory filing ID: REF-2030-REP.",1
"EXPOSED: The Secret Truth About Public Health They Are Hiding! #7","MUNICIPAL WATER CONTAINS MIND-NUMBING CHEMICALS THAT FORCE VOTERS TO OBEY AUTHORITIES! Independent laboratory claims local tap water has been treated with psychoactive tranquilizers designed to make citizens incapable of critical thought! Share this before it gets deleted from the internet! Source confirms insider level 7 clearance leaked this shocking truth.",0
"Public Health - Official Progress Report Part 8","Public Health Agencies Expand Community Clean Water Sanitation and Fluoride Monitoring. Rigorous water quality testing across municipal reservoirs confirmed compliance with national safety thresholds for heavy metals and chemical contaminants. Additional verification data confirmed across monitoring stations in sector 17. Official regulatory filing ID: REF-2031-REP.",1
"EXPOSED: The Secret Truth About Public Health They Are Hiding! #8","MUNICIPAL WATER CONTAINS MIND-NUMBING CHEMICALS THAT FORCE VOTERS TO OBEY AUTHORITIES! Independent laboratory claims local tap water has been treated with psychoactive tranquilizers designed to make citizens incapable of critical thought! Share this before it gets deleted from the internet! Source confirms insider level 8 clearance leaked this shocking truth.",0
"Public Health - Official Progress Report Part 9","Public Health Agencies Expand Community Clean Water Sanitation and Fluoride Monitoring. Rigorous water quality testing across municipal reservoirs confirmed compliance with national safety thresholds for heavy metals and chemical contaminants. Additional verification data confirmed across monitoring stations in sector 18. Official regulatory filing ID: REF-2032-REP.",1
"EXPOSED: The Secret Truth About Public Health They Are Hiding! #9","MUNICIPAL WATER CONTAINS MIND-NUMBING CHEMICALS THAT FORCE VOTERS TO OBEY AUTHORITIES! Independent laboratory claims local tap water has been treated with psychoactive tranquilizers designed to make citizens incapable of critical thought! Share this before it gets deleted from the internet! Source confirms insider level 9 clearance leaked this shocking truth.",0
"Public Health - Official Progress Report Part 10","Public Health Agencies Expand Community Clean Water Sanitation and Fluoride Monitoring. Rigorous water quality testing across municipal reservoirs confirmed compliance with national safety thresholds for heavy metals and chemical contaminants. Additional verification data confirmed across monitoring stations in sector 19. Official regulatory filing ID: REF-2033-REP.",1
"EXPOSED: The Secret Truth About Public Health They Are Hiding! #10","MUNICIPAL WATER CONTAINS MIND-NUMBING CHEMICALS THAT FORCE VOTERS TO OBEY AUTHORITIES! Independent laboratory claims local tap water has been treated with psychoactive tranquilizers designed to make citizens incapable of critical thought! Share this before it gets deleted from the internet! Source confirms insider level 10 clearance leaked this shocking truth.",0
"Public Health - Official Progress Report Part 11","Public Health Agencies Expand Community Clean Water Sanitation and Fluoride Monitoring. Rigorous water quality testing across municipal reservoirs confirmed compliance with national safety thresholds for heavy metals and chemical contaminants. Additional verification data confirmed across monitoring stations in sector 20. Official regulatory filing ID: REF-2034-REP.",1
"EXPOSED: The Secret Truth About Public Health They Are Hiding! #11","MUNICIPAL WATER CONTAINS MIND-NUMBING CHEMICALS THAT FORCE VOTERS TO OBEY AUTHORITIES! Independent laboratory claims local tap water has been treated with psychoactive tranquilizers designed to make citizens incapable of critical thought! Share this before it gets deleted from the internet! Source confirms insider level 11 clearance leaked this shocking truth.",0
"Public Health - Official Progress Report Part 12","Public Health Agencies Expand Community Clean Water Sanitation and Fluoride Monitoring. Rigorous water quality testing across municipal reservoirs confirmed compliance with national safety thresholds for heavy metals and chemical contaminants. Additional verification data confirmed across monitoring stations in sector 21. Official regulatory filing ID: REF-2035-REP.",1
"EXPOSED: The Secret Truth About Public Health They Are Hiding! #12","MUNICIPAL WATER CONTAINS MIND-NUMBING CHEMICALS THAT FORCE VOTERS TO OBEY AUTHORITIES! Independent laboratory claims local tap water has been treated with psychoactive tranquilizers designed to make citizens incapable of critical thought! Share this before it gets deleted from the internet! Source confirms insider level 12 clearance leaked this shocking truth.",0
